id1,1,aienka,0,8,4,13,10,0,,,,,,,,,,,,,,,,,
id2,0,aishiau,0,8,18,7,8,0,20,,,,,,,,,,,,,,,,
id3,1,aizu,0,8,25,20,,,,,,,,,,,,,,,,,,,
id4,1,aisusukeeto,0,8,18,20,18,20,10,4,4,19,14,,,,,,,,,,,,
id5,1,aisuhokkee,0,8,18,20,7,14,10,10,4,4,,,,,,,,,,,,,
id6,1,aida,0,8,3,0,,,,,,,,,,,,,,,,,,,
id7,1,aitsu,0,8,19,18,20,,,,,,,,,,,,,,,,,,
id8,1,aidia,0,8,3,8,0,,,,,,,,,,,,,,,,,,
id9,0,au,0,20,,,,,,,,,,,,,,,,,,,,,
id10,1,aozora,0,14,25,14,17,0,,,,,,,,,,,,,,,,,
id11,0,akappoi,0,10,0,15,15,14,8,,,,,,,,,,,,,,,,
id12,0,akippoi,0,10,8,15,15,14,8,,,,,,,,,,,,,,,,
id13,0,akiru,0,10,8,17,20,,,,,,,,,,,,,,,,,,
id14,1,akushu,0,10,20,18,7,20,,,,,,,,,,,,,,,,,
id15,1,akuseru,0,10,20,18,4,17,20,,,,,,,,,,,,,,,,
id16,0,akeru,0,10,4,17,20,,,,,,,,,,,,,,,,,,
id17,1,ago,0,6,14,,,,,,,,,,,,,,,,,,,,
id18,0,akogareru,0,10,14,6,0,17,4,17,20,,,,,,,,,,,,,,
id19,1,ashi,0,18,7,8,,,,,,,,,,,,,,,,,,,
id20,1,ashikubi,0,18,7,8,10,20,1,8,,,,,,,,,,,,,,,
id21,1,ajisai,0,9,8,18,0,8,,,,,,,,,,,,,,,,,
id22,1,ajitsuke,0,9,8,19,18,20,10,4,,,,,,,,,,,,,,,
id23,0,ajiwau,0,9,8,22,0,20,,,,,,,,,,,,,,,,,
id24,1,asu,0,18,20,,,,,,,,,,,,,,,,,,,,
id25,0,azukeru,0,25,20,10,4,17,20,,,,,,,,,,,,,,,,
id26,1,asobi,0,18,14,1,8,,,,,,,,,,,,,,,,,,
id27,0,ataeru,0,19,0,4,17,20,,,,,,,,,,,,,,,,,
id28,1,atarimae,0,19,0,17,8,12,0,4,,,,,,,,,,,,,,,
id29,0,ataru,0,19,0,17,20,,,,,,,,,,,,,,,,,,
id30,0,ataru,0,19,0,17,20,,,,,,,,,,,,,,,,,,
id31,1,atsukai,0,19,18,20,10,0,8,,,,,,,,,,,,,,,,
id32,0,atsukau,0,19,18,20,10,0,20,,,,,,,,,,,,,,,,
id33,0,assari,0,18,18,0,17,8,,,,,,,,,,,,,,,,,
id34,0,attoiumani,0,19,19,14,8,20,12,0,13,8,,,,,,,,,,,,,
id35,1,atsumi,0,19,18,20,12,8,,,,,,,,,,,,,,,,,
id36,0,ateru,0,19,4,17,20,,,,,,,,,,,,,,,,,,
id37,1,adobaisu,0,3,14,1,0,8,18,20,,,,,,,,,,,,,,,
id38,1,ana,0,13,0,,,,,,,,,,,,,,,,,,,,
id39,1,anaunsu,0,13,0,20,13,18,20,,,,,,,,,,,,,,,,
id40,1,abura,0,1,20,17,0,,,,,,,,,,,,,,,,,,
id41,0,aburappoi,0,1,20,17,0,15,15,14,8,,,,,,,,,,,,,,
id42,0,amai,0,12,0,8,,,,,,,,,,,,,,,,,,,
id43,1,amagu,0,12,0,6,20,,,,,,,,,,,,,,,,,,
id44,1,amachua,0,12,0,2,7,20,0,,,,,,,,,,,,,,,,
id45,1,amami,0,12,0,12,8,,,,,,,,,,,,,,,,,,
id46,1,amerikanfuttobooru,0,12,4,17,8,10,0,13,5,20,19,19,14,1,14,14,17,20,,,,,
id47,0,ayashii,0,24,0,18,7,8,8,,,,,,,,,,,,,,,,
id48,0,aratamete,0,17,0,19,0,12,4,19,4,,,,,,,,,,,,,,
id49,0,arawasu,0,17,0,22,0,18,20,,,,,,,,,,,,,,,,
id50,0,arawareru,0,17,0,22,0,17,4,17,20,,,,,,,,,,,,,,
id51,1,ari,0,17,8,,,,,,,,,,,,,,,,,,,,
id52,0,arigatai,0,17,8,6,0,19,0,8,,,,,,,,,,,,,,,
id53,0,aruteido,0,17,20,19,4,8,3,14,,,,,,,,,,,,,,,
id54,0,awaseru,0,22,0,18,4,17,20,,,,,,,,,,,,,,,,
id55,0,angai,0,13,6,0,8,,,,,,,,,,,,,,,,,,
id56,1,ankeeto,0,13,10,4,4,19,14,,,,,,,,,,,,,,,,
id57,0,annojou,0,13,13,14,9,14,20,,,,,,,,,,,,,,,,
id58,0,iiau,8,8,0,20,,,,,,,,,,,,,,,,,,,
id59,0,iikagenni,8,8,10,0,6,4,13,13,8,,,,,,,,,,,,,,
id60,1,iimachigai,8,8,12,0,2,7,8,6,0,8,,,,,,,,,,,,,
id61,1,iejuu,8,4,9,20,20,,,,,,,,,,,,,,,,,,
id62,1,ieroo,8,4,17,14,14,,,,,,,,,,,,,,,,,,
id63,0,igai,8,6,0,8,,,,,,,,,,,,,,,,,,,
id64,0,igai,8,6,0,8,,,,,,,,,,,,,,,,,,,
id65,0,igainimo,8,6,0,8,13,8,12,14,,,,,,,,,,,,,,,
id66,0,ikaga,8,10,0,6,0,,,,,,,,,,,,,,,,,,
id67,0,ikanimo,8,10,0,13,8,12,14,,,,,,,,,,,,,,,,
id68,0,ikiru,8,10,8,17,20,,,,,,,,,,,,,,,,,,
id69,0,iku,8,10,20,,,,,,,,,,,,,,,,,,,,
id70,0,iku,8,10,20,,,,,,,,,,,,,,,,,,,,
id71,1,izakaya,8,25,0,10,0,24,0,,,,,,,,,,,,,,,,
id72,1,ishiki,8,18,7,8,10,8,,,,,,,,,,,,,,,,,
id73,0,ijou,8,9,14,20,,,,,,,,,,,,,,,,,,,
id74,0,"izen ",8,25,4,13,-65,,,,,,,,,,,,,,,,,,
id75,1,ita,8,19,0,,,,,,,,,,,,,,,,,,,,
id76,1,itami,8,19,0,12,8,,,,,,,,,,,,,,,,,,
id77,0,itameru,8,19,0,12,4,17,20,,,,,,,,,,,,,,,,
id78,1,ichiin,8,2,7,8,8,13,,,,,,,,,,,,,,,,,
id79,1,ichibu,8,2,7,8,1,20,,,,,,,,,,,,,,,,,
id80,1,isshou,8,18,18,7,14,20,,,,,,,,,,,,,,,,,
id81,0,issou,8,18,18,14,20,,,,,,,,,,,,,,,,,,
id82,1,ippai,8,15,15,0,8,,,,,,,,,,,,,,,,,,
id83,1,ippan,8,15,15,0,13,,,,,,,,,,,,,,,,,,
id84,0,ippanteki,8,15,15,0,13,19,4,10,8,,,,,,,,,,,,,,
id85,1,ippuku,8,15,15,20,10,20,,,,,,,,,,,,,,,,,
id86,0,ippou,8,15,15,14,20,,,,,,,,,,,,,,,,,,
id87,1,ippou,8,15,15,14,20,,,,,,,,,,,,,,,,,,
id88,1,itoko,8,19,14,10,14,,,,,,,,,,,,,,,,,,
id89,1,ima,8,12,0,,,,,,,,,,,,,,,,,,,,
id90,0,imadeha,8,12,0,3,4,7,0,,,,,,,,,,,,,,,,
id91,0,imademo,8,12,0,3,4,12,14,,,,,,,,,,,,,,,,
id92,0,imamade,8,12,0,12,0,3,4,,,,,,,,,,,,,,,,
id93,1,imeeji,8,12,4,4,9,8,,,,,,,,,,,,,,,,,
id94,0,iraira,8,17,0,8,17,0,,,,,,,,,,,,,,,,,
id95,1,iryou,8,17,24,14,20,,,,,,,,,,,,,,,,,,
id96,0,iwaba,8,22,0,1,0,,,,,,,,,,,,,,,,,,
id97,0,iwayuru,8,22,0,24,20,17,20,,,,,,,,,,,,,,,,
id98,1,inshuunten,8,13,18,7,20,20,13,19,4,13,,,,,,,,,,,,,
id99,1,intabyuu,8,13,19,0,1,24,20,20,,,,,,,,,,,,,,,
id100,1,uisukii,20,8,18,20,10,8,8,,,,,,,,,,,,,,,,
id101,1,uirusu,20,8,17,20,18,20,,,,,,,,,,,,,,,,,
id102,1,uinku,20,8,13,10,20,,,,,,,,,,,,,,,,,,
id103,1,uindooshoppingu,20,8,13,3,14,14,18,7,14,15,15,8,13,6,20,,,,,,,,
id104,1,uuru,20,20,17,20,,,,,,,,,,,,,,,,,,,
id105,0,ukabu,20,10,0,1,20,,,,,,,,,,,,,,,,,,
id106,0,ukiagaru,20,10,8,0,6,0,17,20,,,,,,,,,,,,,,,
id107,1,ushi,20,18,7,8,,,,,,,,,,,,,,,,,,,
id108,1,ushirosugata,20,18,7,8,17,14,18,20,6,0,19,0,,,,,,,,,,,
id109,0,usugurai,20,18,20,6,20,17,0,8,,,,,,,,,,,,,,,
id110,1,uchi,20,2,7,8,,,,,,,,,,,,,,,,,,,
id111,0,ukkari,20,10,10,0,17,8,,,,,,,,,,,,,,,,,
id112,0,utsukushii,20,19,18,20,10,20,18,7,8,8,,,,,,,,,,,,,
id113,1,ude,20,3,4,,,,,,,,,,,,,,,,,,,,
id114,0,utouto,20,19,14,20,19,14,,,,,,,,,,,,,,,,,
id115,0,unazuku,20,13,0,25,20,10,20,,,,,,,,,,,,,,,,
id116,0,umaku,20,12,0,10,20,,,,,,,,,,,,,,,,,,
id117,1,umami,20,12,0,12,8,,,,,,,,,,,,,,,,,,
id118,0,umeru,20,12,4,17,20,,,,,,,,,,,,,,,,,,
id119,0,uragaaru,20,17,0,6,0,0,17,20,,,,,,,,,,,,,,,
id120,0,uragiru,20,17,0,6,8,17,20,,,,,,,,,,,,,,,,
id121,1,uranai,20,17,0,13,0,8,,,,,,,,,,,,,,,,,
id122,1,uranaishi,20,17,0,13,0,8,18,7,8,,,,,,,,,,,,,,
id123,0,uranau,20,17,0,13,0,20,,,,,,,,,,,,,,,,,
id124,1,uriage,20,17,8,0,6,4,,,,,,,,,,,,,,,,,
id125,1,uryou,20,17,24,14,20,,,,,,,,,,,,,,,,,,
id126,1,un,20,13,,,,,,,,,,,,,,,,,,,,,
id127,1,unchin,20,13,2,7,8,13,,,,,,,,,,,,,,,,,
id128,1,untenshu,20,13,19,4,13,18,7,20,,,,,,,,,,,,,,,
id129,1,eikyou,4,8,10,24,14,20,,,,,,,,,,,,,,,,,
id130,1,eiseihousou,4,8,18,4,8,7,14,20,18,14,20,,,,,,,,,,,,
id131,1,eiyou,4,8,24,14,20,,,,,,,,,,,,,,,,,,
id132,1,egao,4,6,0,14,,,,,,,,,,,,,,,,,,,
id133,1,esuefueiga,4,18,20,4,5,20,4,8,6,0,,,,,,,,,,,,,
id134,1,esunikkuryouri,4,18,20,13,8,10,10,20,17,24,14,20,17,8,,,,,,,,,
id135,1,enukeisaibou,4,13,20,10,4,8,18,0,8,1,14,20,,,,,,,,,,,
id136,1,eriito,4,17,8,8,19,14,,,,,,,,,,,,,,,,,
id137,0,eru,4,17,20,,,,,,,,,,,,,,,,,,,,
id138,1,en,4,13,,,,,,,,,,,,,,,,,,,,,
id139,1,engi,4,13,6,8,,,,,,,,,,,,,,,,,,,
id140,1,engei,4,13,6,4,8,,,,,,,,,,,,,,,,,,
id141,1,enji,4,13,9,8,,,,,,,,,,,,,,,,,,,
id142,1,ensuto,4,13,18,20,19,14,,,,,,,,,,,,,,,,,
id143,1,ensou,4,13,18,14,20,,,,,,,,,,,,,,,,,,
id144,0,"endama ",4,13,3,0,12,0,-65,,,,,,,,,,,,,,,,
id145,1,ouen,14,20,4,13,,,,,,,,,,,,,,,,,,,
id146,0,oujiru,14,20,9,8,17,20,,,,,,,,,,,,,,,,,
id147,1,ooame,14,14,0,12,4,,,,,,,,,,,,,,,,,,
id148,1,ookata,14,14,10,0,19,0,,,,,,,,,,,,,,,,,
id149,1,oosakajou,14,14,18,0,10,0,9,14,20,,,,,,,,,,,,,,
id150,0,oobaa,14,14,1,0,0,,,,,,,,,,,,,,,,,,
id151,1,oobaa,14,14,1,0,0,,,,,,,,,,,,,,,,,,
id152,1,oobaka,14,14,1,0,10,0,,,,,,,,,,,,,,,,,
id153,1,oomukashi,14,14,12,20,10,0,18,7,8,,,,,,,,,,,,,,
id154,1,ooya(san),14,14,24,0,-57,18,0,13,-56,,,,,,,,,,,,,,
id155,1,ooyuki,14,14,24,20,10,8,,,,,,,,,,,,,,,,,
id156,1,okanemochi,14,10,0,13,4,12,14,2,7,8,,,,,,,,,,,,,
id157,1,okawari,14,10,0,22,0,17,8,,,,,,,,,,,,,,,,
id158,0,okorippoi,14,10,14,17,8,15,15,14,8,,,,,,,,,,,,,,
id159,0,okoru,14,10,14,17,20,,,,,,,,,,,,,,,,,,
id160,0,okoru,14,10,14,17,20,,,,,,,,,,,,,,,,,,
id161,0,ogoru,14,6,14,17,20,,,,,,,,,,,,,,,,,,
id162,1,ojigi,14,9,8,6,8,,,,,,,,,,,,,,,,,,
id163,0,ojamashimasu,14,9,0,12,0,18,7,8,12,0,18,20,,,,,,,,,,,
id164,1,osouzai,14,18,14,20,25,0,8,,,,,,,,,,,,,,,,
id165,0,osoreiru,14,18,14,17,4,8,17,20,,,,,,,,,,,,,,,
id166,0,osowaru,14,18,14,22,0,17,20,,,,,,,,,,,,,,,,
id167,0,otagai,14,19,0,6,0,8,,,,,,,,,,,,,,,,,
id168,1,otagaisama,14,19,0,6,0,8,18,0,12,0,,,,,,,,,,,,,
id169,0,ochitsuku,14,2,7,8,19,18,20,10,20,,,,,,,,,,,,,,
id170,1,odeko,14,3,4,10,14,,,,,,,,,,,,,,,,,,
id171,1,otoshiyori,14,19,14,18,7,8,24,14,17,8,,,,,,,,,,,,,
id172,0,otozureru,14,19,14,25,20,17,4,17,20,,,,,,,,,,,,,,
id173,1,otona,14,19,14,13,0,,,,,,,,,,,,,,,,,,
id174,0,otonashii,14,19,14,13,0,18,7,8,8,,,,,,,,,,,,,,
id175,0,otonappoi,14,19,14,13,0,15,15,14,8,,,,,,,,,,,,,,
id176,0,odoroku,14,3,14,17,14,10,20,,,,,,,,,,,,,,,,
id177,1,oni,14,13,8,,,,,,,,,,,,,,,,,,,,
id178,1,oniai,14,13,8,0,8,,,,,,,,,,,,,,,,,,
id179,1,onigiri,14,13,8,6,8,17,8,,,,,,,,,,,,,,,,
id180,1,onigokko,14,13,8,6,14,10,10,14,,,,,,,,,,,,,,,
id181,0,obiru,14,1,8,17,20,,,,,,,,,,,,,,,,,,
id182,1,ofisu,14,5,8,18,20,,,,,,,,,,,,,,,,,,
id183,1,obon,14,1,14,13,,,,,,,,,,,,,,,,,,,
id184,0,omoikiri,14,12,14,8,10,8,17,8,,,,,,,,,,,,,,,
id185,0,omoitsuku,14,12,14,8,19,18,20,10,20,,,,,,,,,,,,,,
id186,1,omomi,14,12,14,12,8,,,,,,,,,,,,,,,,,,
id187,0,omowazu,14,12,14,22,0,25,20,,,,,,,,,,,,,,,,
id188,1,oyako,14,24,0,10,14,,,,,,,,,,,,,,,,,,
id189,1,oyatsu,14,24,0,19,18,20,,,,,,,,,,,,,,,,,
id190,1,oyayubi,14,24,0,24,20,1,8,,,,,,,,,,,,,,,,
id191,1,orinpikku,14,17,8,13,15,8,10,10,20,,,,,,,,,,,,,,
id192,1,orei,14,17,4,8,,,,,,,,,,,,,,,,,,,
id193,1,orenji,14,17,4,13,9,8,,,,,,,,,,,,,,,,,
id194,0,owaru,14,22,0,17,20,,,,,,,,,,,,,,,,,,
id195,1,onshitsu,14,13,18,7,8,19,18,20,,,,,,,,,,,,,,,
id196,1,ondanka,14,13,3,0,13,10,0,,,,,,,,,,,,,,,,
id197,1,ondo,14,13,3,14,,,,,,,,,,,,,,,,,,,
id198,1,kaiketsu,10,0,8,10,4,19,18,20,,,,,,,,,,,,,,,
id199,1,gaishutsu,6,0,8,18,7,20,19,18,20,,,,,,,,,,,,,,
id200,1,kaisui,10,0,8,18,20,8,,,,,,,,,,,,,,,,,
id201,0,kaisei,10,0,8,18,4,8,,,,,,,,,,,,,,,,,
id202,1,kaisoku,10,0,8,18,14,10,20,,,,,,,,,,,,,,,,
id203,0,kaiteki,10,0,8,19,4,10,8,,,,,,,,,,,,,,,,
id204,1,kainushi,10,0,8,13,20,18,7,8,,,,,,,,,,,,,,,
id205,1,kaihi,10,0,8,7,8,,,,,,,,,,,,,,,,,,
id206,1,kauntaa,10,0,20,13,19,0,0,,,,,,,,,,,,,,,,
id207,0,kaette,10,0,4,19,19,4,,,,,,,,,,,,,,,,,
id208,0,kaeru,10,0,4,17,20,,,,,,,,,,,,,,,,,,
id209,1,kaori,10,0,14,17,8,,,,,,,,,,,,,,,,,,
id210,1,gaka,6,0,10,0,,,,,,,,,,,,,,,,,,,
id211,1,kagaku,10,0,6,0,10,20,,,,,,,,,,,,,,,,,
id212,1,kagakuchoumiryou,10,0,6,0,10,20,2,7,14,20,12,8,17,24,14,20,,,,,,,
id213,0,kagakuteki,10,0,6,0,10,20,19,4,10,8,,,,,,,,,,,,,
id214,1,kakato,10,0,10,0,19,14,,,,,,,,,,,,,,,,,
id215,0,kagiru,10,0,6,8,17,20,,,,,,,,,,,,,,,,,
id216,1,kakugen,10,0,10,20,6,4,13,,,,,,,,,,,,,,,,
id217,1,gakushuu,6,0,10,20,18,7,20,20,,,,,,,,,,,,,,,
id218,0,kakusu,10,0,10,20,18,20,,,,,,,,,,,,,,,,,
id219,1,kakuchi,10,0,10,20,2,7,8,,,,,,,,,,,,,,,,
id220,1,kakutougi,10,0,10,20,19,14,20,6,8,,,,,,,,,,,,,,
id221,1,gakuhi,6,0,10,20,7,8,,,,,,,,,,,,,,,,,
id222,1,gakubuchi,6,0,10,20,1,20,2,7,8,,,,,,,,,,,,,,
id223,1,gakureki,6,0,10,20,17,4,10,8,,,,,,,,,,,,,,,
id224,0,kakureru,10,0,10,20,17,4,17,20,,,,,,,,,,,,,,,
id225,0,kakeru,10,0,10,4,17,20,,,,,,,,,,,,,,,,,
id226,0,kakeru,10,0,10,4,17,20,,,,,,,,,,,,,,,,,
id227,1,kako,10,0,10,14,,,,,,,,,,,,,,,,,,,
id228,1,kasai,10,0,18,0,8,,,,,,,,,,,,,,,,,,
id229,0,kasanaru,10,0,18,0,13,0,17,20,,,,,,,,,,,,,,,
id230,0,kasaneru,10,0,18,0,13,4,17,20,,,,,,,,,,,,,,,
id231,1,kazan,10,0,25,0,13,,,,,,,,,,,,,,,,,,
id232,0,kashikoi,10,0,18,7,8,10,14,8,,,,,,,,,,,,,,,
id233,1,kazu,10,0,25,20,,,,,,,,,,,,,,,,,,,
id234,1,kata,10,0,19,0,,,,,,,,,,,,,,,,,,,
id235,1,katagawa,10,0,19,0,6,0,22,0,,,,,,,,,,,,,,,
id236,0,katariau,10,0,19,0,17,8,0,20,,,,,,,,,,,,,,,
id237,0,gachi,6,0,2,7,8,,,,,,,,,,,,,,,,,,
id238,1,kachou,10,0,2,7,14,20,,,,,,,,,,,,,,,,,
id239,1,gakki,6,0,10,10,8,,,,,,,,,,,,,,,,,,
id240,0,kakkoii,10,0,10,10,14,8,8,,,,,,,,,,,,,,,,
id241,1,gakkoujuu,6,0,10,10,14,20,9,20,20,,,,,,,,,,,,,,
id242,0,kappatsu,10,0,15,15,0,19,18,20,,,,,,,,,,,,,,,
id243,1,kappuru,10,0,15,15,20,17,20,,,,,,,,,,,,,,,,
id244,1,katsuyaku,10,0,19,18,20,24,0,10,20,,,,,,,,,,,,,,
id245,1,katei,10,0,19,4,8,,,,,,,,,,,,,,,,,,
id246,1,kado,10,0,3,14,,,,,,,,,,,,,,,,,,,
id247,1,kanashimi,10,0,13,0,18,7,8,12,8,,,,,,,,,,,,,,
id248,1,kanazuchi,10,0,13,0,25,20,2,7,8,,,,,,,,,,,,,,
id249,0,kanarazushimo,10,0,13,0,17,0,25,20,18,7,8,12,14,,,,,,,,,,
id250,1,kanemochi,10,0,13,4,12,14,2,7,8,,,,,,,,,,,,,,
id251,0,kanou,10,0,13,14,20,,,,,,,,,,,,,,,,,,
id252,1,kabi,10,0,1,8,,,,,,,,,,,,,,,,,,,
id253,1,gaman,6,0,12,0,13,,,,,,,,,,,,,,,,,,
id254,1,kamigata,10,0,12,8,6,0,19,0,,,,,,,,,,,,,,,
id255,1,kamisama,10,0,12,8,18,0,12,0,,,,,,,,,,,,,,,
id256,0,kamitsuku,10,0,12,8,19,18,20,10,20,,,,,,,,,,,,,,
id257,1,kaminari,10,0,12,8,13,0,17,8,,,,,,,,,,,,,,,
id258,1,kamin,10,0,12,8,13,,,,,,,,,,,,,,,,,,
id259,1,kameraman,10,0,12,4,17,0,12,0,13,,,,,,,,,,,,,,
id260,0,garagara,6,0,17,0,6,0,17,0,,,,,,,,,,,,,,,
id261,1,karasu,10,0,17,0,18,20,,,,,,,,,,,,,,,,,
id262,1,karadatsuki,10,0,17,0,3,0,19,18,20,10,8,,,,,,,,,,,,
id263,0,karatto,10,0,17,0,19,19,14,,,,,,,,,,,,,,,,
id264,1,karate,10,0,17,0,19,4,,,,,,,,,,,,,,,,,
id265,1,karami,10,0,17,0,12,8,,,,,,,,,,,,,,,,,
id266,0,gararito,6,0,17,0,17,8,19,14,,,,,,,,,,,,,,,
id267,1,karyuu,10,0,17,24,20,20,,,,,,,,,,,,,,,,,
id268,0,karuku,10,0,17,20,10,20,,,,,,,,,,,,,,,,,
id269,1,gareeji,6,0,17,4,4,9,8,,,,,,,,,,,,,,,,
id270,1,karera,10,0,17,4,17,0,,,,,,,,,,,,,,,,,
id271,0,kawakasu,10,0,22,0,10,0,18,20,,,,,,,,,,,,,,,
id272,1,kawakudari,10,0,22,0,10,20,3,0,17,8,,,,,,,,,,,,,
id273,0,kawasu,10,0,22,0,18,20,,,,,,,,,,,,,,,,,
id274,1,kawarini,10,0,22,0,17,8,13,8,,,,,,,,,,,,,,,
id275,0,kawaru,10,0,22,0,17,20,,,,,,,,,,,,,,,,,
id276,0,kan,10,0,13,,,,,,,,,,,,,,,,,,,,
id277,1,gan,6,0,13,,,,,,,,,,,,,,,,,,,,
id278,1,kangaegoto,10,0,13,6,0,4,6,14,19,14,,,,,,,,,,,,,
id279,0,kankanni,10,0,13,10,0,13,13,8,,,,,,,,,,,,,,,
id280,1,kankyaku,10,0,13,10,24,0,10,20,,,,,,,,,,,,,,,
id281,1,kankyou,10,0,13,10,24,14,20,,,,,,,,,,,,,,,,
id282,1,kankeisha,10,0,13,10,4,8,18,7,0,,,,,,,,,,,,,,
id283,1,kango,10,0,13,6,14,,,,,,,,,,,,,,,,,,
id284,1,kankouchi,10,0,13,10,14,20,2,7,8,,,,,,,,,,,,,,
id285,1,kangofu,10,0,13,6,14,5,20,,,,,,,,,,,,,,,,
id286,1,kansatsu,10,0,13,18,0,19,18,20,,,,,,,,,,,,,,,
id287,1,kanshou,10,0,13,18,7,14,20,,,,,,,,,,,,,,,,
id288,0,kanjiru,10,0,13,9,8,17,20,,,,,,,,,,,,,,,,
id289,1,kanshin,10,0,13,18,7,8,13,,,,,,,,,,,,,,,,
id290,1,kanshin,10,0,13,18,7,8,13,,,,,,,,,,,,,,,,
id291,0,kansuru,10,0,13,18,20,17,20,,,,,,,,,,,,,,,,
id292,1,kansei,10,0,13,18,4,8,,,,,,,,,,,,,,,,,
id293,0,kanzenni,10,0,13,25,4,13,13,8,,,,,,,,,,,,,,,
id294,1,kansou,10,0,13,18,14,20,,,,,,,,,,,,,,,,,
id295,1,kansoubun,10,0,13,18,14,20,1,20,13,,,,,,,,,,,,,,
id296,1,kantou,10,0,13,19,14,20,,,,,,,,,,,,,,,,,
id297,1,kannai,10,0,13,13,0,8,,,,,,,,,,,,,,,,,
id298,1,ganbou,6,0,13,1,14,20,,,,,,,,,,,,,,,,,
id299,1,kanwa(jiten),10,0,13,22,0,-57,9,8,19,4,13,-56,,,,,,,,,,,
id300,0,kiikii,10,8,8,10,8,8,,,,,,,,,,,,,,,,,
id301,1,giin,6,8,8,13,,,,,,,,,,,,,,,,,,,
id302,1,kion,10,8,14,13,,,,,,,,,,,,,,,,,,,
id303,0,kigasuru,10,8,6,0,18,20,17,20,,,,,,,,,,,,,,,
id304,0,kigaruni,10,8,6,0,17,20,13,8,,,,,,,,,,,,,,,
id305,1,kikan,10,8,10,0,13,,,,,,,,,,,,,,,,,,
id306,1,"kikan ",10,8,10,0,13,-65,,,,,,,,,,,,,,,,,
id307,1,kigyou,10,8,6,24,14,20,,,,,,,,,,,,,,,,,
id308,0,kiku,10,8,10,20,,,,,,,,,,,,,,,,,,,
id309,1,kikou,10,8,10,14,20,,,,,,,,,,,,,,,,,,
id310,1,kikoku,10,8,10,14,10,20,,,,,,,,,,,,,,,,,
id311,1,kiji,10,8,9,8,,,,,,,,,,,,,,,,,,,
id312,1,gishi,6,8,18,7,8,,,,,,,,,,,,,,,,,,
id313,1,kishou(chou),10,8,18,7,14,20,-57,2,7,14,20,-56,,,,,,,,,,,
id314,1,kisei,10,8,18,4,8,,,,,,,,,,,,,,,,,,
id315,1,kitai,10,8,19,0,8,,,,,,,,,,,,,,,,,,
id316,1,kitaku,10,8,19,0,10,20,,,,,,,,,,,,,,,,,
id317,1,kitsuen,10,8,19,18,20,4,13,,,,,,,,,,,,,,,,
id318,1,kitsune,10,8,19,18,20,13,4,,,,,,,,,,,,,,,,
id319,0,kiniiru,10,8,13,8,8,17,20,,,,,,,,,,,,,,,,
id320,1,ginesubukku,6,8,13,4,18,20,1,20,10,10,20,,,,,,,,,,,,
id321,1,kinen,10,8,13,4,13,,,,,,,,,,,,,,,,,,
id322,1,kinoko,10,8,13,14,10,14,,,,,,,,,,,,,,,,,
id323,1,kibou,10,8,1,14,20,,,,,,,,,,,,,,,,,,
id324,0,kihonteki,10,8,7,14,13,19,4,10,8,,,,,,,,,,,,,,
id325,1,kimatsu(shiken),10,8,12,0,19,18,20,-57,18,7,8,10,4,13,-56,,,,,,,,
id326,0,kimaru,10,8,12,0,17,20,,,,,,,,,,,,,,,,,
id327,1,gimu,6,8,12,20,,,,,,,,,,,,,,,,,,,
id328,1,gimon,6,8,12,14,13,,,,,,,,,,,,,,,,,,
id329,0,gyaagyaa,6,24,0,0,6,24,0,0,,,,,,,,,,,,,,,
id330,0,gyakuni,6,24,0,10,20,13,8,,,,,,,,,,,,,,,,
id331,1,gyanburu,6,24,0,13,1,20,17,20,,,,,,,,,,,,,,,
id332,1,kyuu,10,24,20,20,,,,,,,,,,,,,,,,,,,
id333,1,kyuukeishitsu,10,24,20,20,10,4,8,18,7,8,19,18,20,,,,,,,,,,
id334,1,kyuukeijo,10,24,20,20,10,4,8,9,14,,,,,,,,,,,,,,
id335,1,kyuusaku,10,24,20,20,18,0,10,20,,,,,,,,,,,,,,,
id336,1,kyuubureeki,10,24,20,20,1,20,17,4,4,10,8,,,,,,,,,,,,
id337,1,kyuuyou,10,24,20,20,24,14,20,,,,,,,,,,,,,,,,
id338,0,gyutto,6,24,20,19,19,14,,,,,,,,,,,,,,,,,
id339,1,kyougijou,10,24,14,20,6,8,9,14,20,,,,,,,,,,,,,,
id340,1,kyouju,10,24,14,20,9,20,,,,,,,,,,,,,,,,,
id341,1,kyoushuujo,10,24,14,20,18,7,20,20,9,14,,,,,,,,,,,,,
id342,1,kyousou,10,24,14,20,18,14,20,,,,,,,,,,,,,,,,
id343,1,kyouchou,10,24,14,20,2,7,14,20,,,,,,,,,,,,,,,
id344,1,kyoutsuu,10,24,14,20,19,18,20,20,,,,,,,,,,,,,,,
id345,1,kyoutsuuten,10,24,14,20,19,18,20,20,19,4,13,,,,,,,,,,,,
id346,1,gyouretsu,6,24,14,20,17,4,19,18,20,,,,,,,,,,,,,,
id347,1,gyogyou,6,24,14,6,24,14,20,,,,,,,,,,,,,,,,
id348,1,kyori,10,24,14,17,8,,,,,,,,,,,,,,,,,,
id349,1,kiri,10,8,17,8,,,,,,,,,,,,,,,,,,,
id350,1,kiroku,10,8,17,14,10,20,,,,,,,,,,,,,,,,,
id351,1,kin,10,8,13,,,,,,,,,,,,,,,,,,,,
id352,1,gin,6,8,13,,,,,,,,,,,,,,,,,,,,
id353,1,kinkakuji,10,8,13,10,0,10,20,9,8,,,,,,,,,,,,,,
id354,1,kuushitsu,10,20,20,18,7,8,19,18,20,,,,,,,,,,,,,,
id355,1,kuusha,10,20,20,18,7,0,,,,,,,,,,,,,,,,,
id356,1,guuchokipaa,6,20,20,2,7,14,10,8,15,0,0,,,,,,,,,,,,
id357,1,kuuraa,10,20,20,17,0,0,,,,,,,,,,,,,,,,,
id358,0,kusai,10,20,18,0,8,,,,,,,,,,,,,,,,,,
id359,0,kusaru,10,20,18,0,17,20,,,,,,,,,,,,,,,,,
id360,0,kusukusu,10,20,18,20,10,20,18,20,,,,,,,,,,,,,,,
id361,1,kusuriyubi,10,20,18,20,17,8,24,20,1,8,,,,,,,,,,,,,
id362,0,kuzureru,10,20,25,20,17,4,17,20,,,,,,,,,,,,,,,
id363,0,gutaiteki,6,20,19,0,8,19,4,10,8,,,,,,,,,,,,,,
id364,0,kudaru,10,20,3,0,17,20,,,,,,,,,,,,,,,,,
id365,1,kuchibashi,10,20,2,7,8,1,0,18,7,8,,,,,,,,,,,,,
id366,1,kuchibiru,10,20,2,7,8,1,8,17,20,,,,,,,,,,,,,,
id367,0,gussuri,6,20,18,18,20,17,8,,,,,,,,,,,,,,,,
id368,0,kuttsuku,10,20,19,19,18,20,10,20,,,,,,,,,,,,,,,
id369,1,kubi,10,20,1,8,,,,,,,,,,,,,,,,,,,
id370,1,kubikazari,10,20,1,8,10,0,25,0,17,8,,,,,,,,,,,,,
id371,0,kubininaru,10,20,1,8,13,8,13,0,17,20,,,,,,,,,,,,,
id372,1,kufuu,10,20,5,20,20,,,,,,,,,,,,,,,,,,
id373,1,kubetsu,10,20,1,4,19,18,20,,,,,,,,,,,,,,,,
id374,0,kumu,10,20,12,20,,,,,,,,,,,,,,,,,,,
id375,1,kumo,10,20,12,14,,,,,,,,,,,,,,,,,,,
id376,1,kurakushon,10,20,17,0,10,20,18,7,14,13,,,,,,,,,,,,,
id377,0,kurasu,10,20,17,0,18,20,,,,,,,,,,,,,,,,,
id378,1,gurasu,6,20,17,0,18,20,,,,,,,,,,,,,,,,,
id379,1,kurasujuu,10,20,17,0,18,20,9,20,20,,,,,,,,,,,,,,
id380,1,gurafikku,6,20,17,0,5,8,10,10,20,,,,,,,,,,,,,,
id381,0,kuraberu,10,20,17,0,1,4,17,20,,,,,,,,,,,,,,,
id382,1,guriin,6,20,17,8,8,13,,,,,,,,,,,,,,,,,
id383,0,kurikaesu,10,20,17,8,10,0,4,18,20,,,,,,,,,,,,,,
id384,0,kuru,10,20,17,20,,,,,,,,,,,,,,,,,,,
id385,0,kuru,10,20,17,20,,,,,,,,,,,,,,,,,,,
id386,0,kuruu,10,20,17,20,20,,,,,,,,,,,,,,,,,,
id387,1,kurumaisu,10,20,17,20,12,0,8,18,20,,,,,,,,,,,,,,
id388,1,guree,6,20,17,4,4,,,,,,,,,,,,,,,,,,
id389,1,kuroobi,10,20,17,14,14,1,8,,,,,,,,,,,,,,,,
id390,1,kuroonningen,10,20,17,14,14,13,13,8,13,6,4,13,,,,,,,,,,,
id391,0,kuroppoi,10,20,17,14,15,15,14,8,,,,,,,,,,,,,,,
id392,1,guntai,6,20,13,19,0,8,,,,,,,,,,,,,,,,,
id393,1,kunren,10,20,13,17,4,13,,,,,,,,,,,,,,,,,
id394,1,keiei,10,4,8,4,8,,,,,,,,,,,,,,,,,,
id395,1,keieisha,10,4,8,4,8,18,7,0,,,,,,,,,,,,,,,
id396,1,keikaku,10,4,8,10,0,10,20,,,,,,,,,,,,,,,,
id397,1,keiki,10,4,8,10,8,,,,,,,,,,,,,,,,,,
id398,1,keiji,10,4,8,9,8,,,,,,,,,,,,,,,,,,
id399,1,keishiki,10,4,8,18,7,8,10,8,,,,,,,,,,,,,,,
id400,1,geijutsu,6,4,8,9,20,19,18,20,,,,,,,,,,,,,,,
id401,1,geemu,6,4,4,12,20,,,,,,,,,,,,,,,,,,
id402,1,gekijou,6,4,10,8,9,14,20,,,,,,,,,,,,,,,,
id403,1,keshou,10,4,18,7,14,20,,,,,,,,,,,,,,,,,
id404,1,gesuto,6,4,18,20,19,14,,,,,,,,,,,,,,,,,
id405,0,kechi,10,4,2,7,8,,,,,,,,,,,,,,,,,,
id406,1,ketsui,10,4,19,18,20,8,,,,,,,,,,,,,,,,,
id407,1,ketsueki,10,4,19,18,20,4,10,8,,,,,,,,,,,,,,,
id408,1,kekka,10,4,10,10,0,,,,,,,,,,,,,,,,,,
id409,1,gekkyuu,6,4,10,10,24,20,20,,,,,,,,,,,,,,,,
id410,0,kekkou,10,4,10,10,14,20,,,,,,,,,,,,,,,,,
id411,0,kesshite,10,4,18,18,7,8,19,4,,,,,,,,,,,,,,,
id412,1,kesshousen,10,4,18,18,7,14,20,18,4,13,,,,,,,,,,,,,
id413,1,kesseki,10,4,18,18,4,10,8,,,,,,,,,,,,,,,,
id414,1,getsumatsu,6,4,19,18,20,12,0,19,18,20,,,,,,,,,,,,,
id415,1,kemuri,10,4,12,20,17,8,,,,,,,,,,,,,,,,,
id416,0,geragera,6,4,17,0,6,4,17,0,,,,,,,,,,,,,,,
id417,0,keredomo,10,4,17,4,3,14,12,14,,,,,,,,,,,,,,,
id418,0,ken,10,4,13,,,,,,,,,,,,,,,,,,,,
id419,1,genkai,6,4,13,10,0,8,,,,,,,,,,,,,,,,,
id420,1,kensa,10,4,13,18,0,,,,,,,,,,,,,,,,,,
id421,1,genzai,6,4,13,25,0,8,,,,,,,,,,,,,,,,,
id422,1,genjitsu,6,4,13,9,8,19,18,20,,,,,,,,,,,,,,,
id423,1,genshou,6,4,13,18,7,14,20,,,,,,,,,,,,,,,,
id424,1,kentou,10,4,13,19,14,20,,,,,,,,,,,,,,,,,
id425,1,ko,10,14,,,,,,,,,,,,,,,,,,,,,
id426,1,koi,10,14,8,,,,,,,,,,,,,,,,,,,,
id427,1,kouka,10,14,20,10,0,,,,,,,,,,,,,,,,,,
id428,1,koukai,10,14,20,10,0,8,,,,,,,,,,,,,,,,,
id429,1,koukai,10,14,20,10,0,8,,,,,,,,,,,,,,,,,
id430,1,kougaku,10,14,20,6,0,10,20,,,,,,,,,,,,,,,,
id431,0,koukateki,10,14,20,10,0,19,4,10,8,,,,,,,,,,,,,,
id432,1,koukishin,10,14,20,10,8,18,7,8,13,,,,,,,,,,,,,,
id433,1,koukyou,10,14,20,10,24,14,20,,,,,,,,,,,,,,,,
id434,1,kougyou,10,14,20,6,24,14,20,,,,,,,,,,,,,,,,
id435,1,koukousei,10,14,20,10,14,20,18,4,8,,,,,,,,,,,,,,
id436,1,kouji,10,14,20,9,8,,,,,,,,,,,,,,,,,,
id437,1,kousha,10,14,20,18,7,0,,,,,,,,,,,,,,,,,
id438,1,koushuudenwa,10,14,20,18,7,20,20,3,4,13,22,0,,,,,,,,,,,
id439,1,kouzui,10,14,20,25,20,8,,,,,,,,,,,,,,,,,
id440,1,kousokudouro,10,14,20,18,14,10,20,3,14,20,17,14,,,,,,,,,,,
id441,1,kouchou,10,14,20,2,7,14,20,,,,,,,,,,,,,,,,
id442,1,koutsuuhi,10,14,20,19,18,20,20,7,8,,,,,,,,,,,,,,
id443,1,koudou,10,14,20,3,14,20,,,,,,,,,,,,,,,,,
id444,1,kounai,10,14,20,13,0,8,,,,,,,,,,,,,,,,,
id445,1,kounetsuhi,10,14,20,13,4,19,18,20,7,8,,,,,,,,,,,,,
id446,1,kouhai,10,14,20,7,0,8,,,,,,,,,,,,,,,,,
id447,1,kouhan,10,14,20,7,0,13,,,,,,,,,,,,,,,,,
id448,1,koufun,10,14,20,5,20,13,,,,,,,,,,,,,,,,,
id449,1,koumuin,10,14,20,12,20,8,13,,,,,,,,,,,,,,,,
id450,0,goume,6,14,20,12,4,,,,,,,,,,,,,,,,,,
id451,1,koodo,10,14,14,3,14,,,,,,,,,,,,,,,,,,
id452,1,koonaa,10,14,14,13,0,0,,,,,,,,,,,,,,,,,
id453,1,koori,10,14,14,17,8,,,,,,,,,,,,,,,,,,
id454,0,kooru,10,14,14,17,20,,,,,,,,,,,,,,,,,,
id455,1,gooru,6,14,14,17,20,,,,,,,,,,,,,,,,,,
id456,1,gooruden'uiiku,6,14,14,17,20,3,4,13,-58,20,8,8,10,20,,,,,,,,,
id457,1,goorudo,6,14,14,17,20,3,14,,,,,,,,,,,,,,,,
id458,1,gokai,6,14,10,0,8,,,,,,,,,,,,,,,,,,
id459,1,kokugi,10,14,10,20,6,8,,,,,,,,,,,,,,,,,
id460,1,kokugo,10,14,10,20,6,14,,,,,,,,,,,,,,,,,
id461,1,kokuseki,10,14,10,20,18,4,10,8,,,,,,,,,,,,,,,
id462,1,kokuban,10,14,10,20,1,0,13,,,,,,,,,,,,,,,,
id463,1,kokumin,10,14,10,20,12,8,13,,,,,,,,,,,,,,,,
id464,1,kokuren,10,14,10,20,17,4,13,,,,,,,,,,,,,,,,
id465,1,kogeru,10,14,6,4,17,20,,,,,,,,,,,,,,,,,
id466,1,kokoro,10,14,10,14,17,14,,,,,,,,,,,,,,,,,
id467,1,koshi,10,14,18,7,8,,,,,,,,,,,,,,,,,,
id468,1,kozeni,10,14,25,4,13,8,,,,,,,,,,,,,,,,,
id469,1,gochisou,6,14,2,7,8,18,14,20,,,,,,,,,,,,,,,
id470,1,kokkaigiin,10,14,10,10,0,8,6,8,8,13,,,,,,,,,,,,,
id471,1,kokki,10,14,10,10,8,,,,,,,,,,,,,,,,,,
id472,0,kotteri,10,14,19,19,4,17,8,,,,,,,,,,,,,,,,
id473,0,kotonaru,10,14,19,14,13,0,17,20,,,,,,,,,,,,,,,
id474,0,gotoni,6,14,19,14,13,8,,,,,,,,,,,,,,,,,
id475,0,kodomoppoi,10,14,3,14,12,14,15,15,14,8,,,,,,,,,,,,,
id476,1,kotowaza,10,14,19,14,22,0,25,0,,,,,,,,,,,,,,,
id477,0,kotowaru,10,14,19,14,22,0,17,20,,,,,,,,,,,,,,,
id478,0,kono,10,14,13,14,,,,,,,,,,,,,,,,,,,
id479,0,konobundeha,10,14,13,14,1,20,13,3,4,7,0,,,,,,,,,,,,
id480,0,kobetsuni,10,14,1,4,19,18,20,13,8,,,,,,,,,,,,,,
id481,0,gomakasu,6,14,12,0,10,0,18,20,,,,,,,,,,,,,,,
id482,1,komyunikeeshon,10,14,12,24,20,13,8,10,4,4,18,7,14,13,,,,,,,,,
id483,1,koyubi,10,14,24,20,1,8,,,,,,,,,,,,,,,,,
id484,1,goraikou,6,14,17,0,8,10,14,20,,,,,,,,,,,,,,,
id485,0,koru,10,14,17,20,,,,,,,,,,,,,,,,,,,
id486,0,koremade,10,14,17,4,12,0,3,4,,,,,,,,,,,,,,,
id487,0,korera,10,14,17,4,17,0,,,,,,,,,,,,,,,,,
id488,0,korosu,10,14,17,14,18,20,,,,,,,,,,,,,,,,,
id489,1,konkai,10,14,13,10,0,8,,,,,,,,,,,,,,,,,
id490,1,konkuuru,10,14,13,10,20,20,17,20,,,,,,,,,,,,,,,
id491,1,konseiki,10,14,13,18,4,8,10,8,,,,,,,,,,,,,,,
id492,1,kontakutorenzu,10,14,13,19,0,10,20,19,14,17,4,13,25,20,,,,,,,,,
id493,1,konbini,10,14,13,1,8,13,8,,,,,,,,,,,,,,,,
id494,0,zaazaa,25,0,0,25,0,0,,,,,,,,,,,,,,,,,
id495,1,saikou,18,0,8,10,14,20,,,,,,,,,,,,,,,,,
id496,1,saibou,18,0,8,1,14,20,,,,,,,,,,,,,,,,,
id497,1,saka,18,0,10,0,,,,,,,,,,,,,,,,,,,
id498,1,sakasama,18,0,10,0,18,0,12,0,,,,,,,,,,,,,,,
id499,0,sakan,18,0,10,0,13,,,,,,,,,,,,,,,,,,
id500,1,saki,18,0,10,8,,,,,,,,,,,,,,,,,,,
id501,1,sagyou,18,0,6,24,14,20,,,,,,,,,,,,,,,,,
id502,1,sakushika,18,0,10,20,18,7,8,10,0,,,,,,,,,,,,,,
id503,1,sakunen,18,0,10,20,13,4,13,,,,,,,,,,,,,,,,
id504,1,sakuban,18,0,10,20,1,0,13,,,,,,,,,,,,,,,,
id505,1,sakuhin,18,0,10,20,7,8,13,,,,,,,,,,,,,,,,
id506,0,sakume,18,0,10,20,12,4,,,,,,,,,,,,,,,,,
id507,1,sakumotsu,18,0,10,20,12,14,19,18,20,,,,,,,,,,,,,,
id508,0,sakebu,18,0,10,4,1,20,,,,,,,,,,,,,,,,,
id509,0,sasu,18,0,18,20,,,,,,,,,,,,,,,,,,,
id510,0,sazo,18,0,25,14,,,,,,,,,,,,,,,,,,,
id511,1,sakka,18,0,10,10,0,,,,,,,,,,,,,,,,,,
id512,1,sakkaku,18,0,10,10,0,10,20,,,,,,,,,,,,,,,,
id513,1,sakkyokuka,18,0,10,10,24,14,10,20,10,0,,,,,,,,,,,,,
id514,0,sassoku,18,0,18,18,14,10,20,,,,,,,,,,,,,,,,
id515,0,satto,18,0,19,19,14,,,,,,,,,,,,,,,,,,
id516,0,saboru,18,0,1,14,17,20,,,,,,,,,,,,,,,,,
id517,0,samazama,18,0,12,0,25,0,12,0,,,,,,,,,,,,,,,
id518,1,samuke,18,0,12,20,10,4,,,,,,,,,,,,,,,,,
id519,0,sayuusuru,18,0,24,20,20,18,20,17,20,,,,,,,,,,,,,,
id520,0,zarazara,25,0,17,0,25,0,17,0,,,,,,,,,,,,,,,
id521,0,sarani,18,0,17,0,13,8,,,,,,,,,,,,,,,,,
id522,1,sankaku(kei),18,0,13,10,0,10,20,-57,10,4,8,-56,,,,,,,,,,,
id523,1,sangyou,18,0,13,6,24,14,20,,,,,,,,,,,,,,,,
id524,1,sankou,18,0,13,10,14,20,,,,,,,,,,,,,,,,,
id525,1,sansuu,18,0,13,18,20,20,,,,,,,,,,,,,,,,,
id526,0,shiokarai,18,7,8,14,10,0,17,0,8,,,,,,,,,,,,,,
id527,1,jikai,9,8,10,0,8,,,,,,,,,,,,,,,,,,
id528,1,shigaku,18,7,8,6,0,10,20,,,,,,,,,,,,,,,,
id529,1,shikaku(kei),18,7,8,10,0,10,20,-57,10,4,8,-56,,,,,,,,,,,
id530,0,shikakui,18,7,8,10,0,10,20,8,,,,,,,,,,,,,,,
id531,1,jiki,9,8,10,8,,,,,,,,,,,,,,,,,,,
id532,1,jikyuu,9,8,10,24,20,20,,,,,,,,,,,,,,,,,
id533,0,shikushiku,18,7,8,10,20,18,7,8,10,20,,,,,,,,,,,,,
id534,1,shigeki,18,7,8,6,4,10,8,,,,,,,,,,,,,,,,
id535,1,shigen,18,7,8,6,4,13,,,,,,,,,,,,,,,,,
id536,1,shisha,18,7,8,18,7,0,,,,,,,,,,,,,,,,,
id537,1,jishin,9,8,18,7,8,13,,,,,,,,,,,,,,,,,
id538,1,jishin,9,8,18,7,8,13,,,,,,,,,,,,,,,,,
id539,1,shisetsu,18,7,8,18,4,19,18,20,,,,,,,,,,,,,,,
id540,1,jidai,9,8,3,0,8,,,,,,,,,,,,,,,,,,
id541,0,shitagau,18,7,8,19,0,6,0,20,,,,,,,,,,,,,,,
id542,1,shitagaki,18,7,8,19,0,6,0,10,8,,,,,,,,,,,,,,
id543,1,shichouritsu,18,7,8,2,7,14,20,17,8,19,18,20,,,,,,,,,,,
id544,1,shitsu,18,7,8,19,18,20,,,,,,,,,,,,,,,,,
id545,0,shikkari,18,7,8,10,10,0,17,8,,,,,,,,,,,,,,,
id546,0,shikkari,18,7,8,10,10,0,17,8,,,,,,,,,,,,,,,
id547,1,jikkan,9,8,10,10,0,13,,,,,,,,,,,,,,,,,
id548,1,shitsuke,18,7,8,19,18,20,10,4,,,,,,,,,,,,,,,
id549,0,shitsukeru,18,7,8,19,18,20,10,4,17,20,,,,,,,,,,,,,
id550,1,jitsugen,9,8,19,18,20,6,4,13,,,,,,,,,,,,,,,
id551,0,jissai(ni)ha,9,8,18,18,0,8,-57,13,8,-56,7,0,,,,,,,,,,,
id552,0,jissaini,9,8,18,18,0,8,13,8,,,,,,,,,,,,,,,
id553,1,shitsudo,18,7,8,19,18,20,3,14,,,,,,,,,,,,,,,
id554,1,shitsunai,18,7,8,19,18,20,13,0,8,,,,,,,,,,,,,,
id555,0,jitsuni,9,8,19,18,20,13,8,,,,,,,,,,,,,,,,
id556,1,jitsuryoku,9,8,19,18,20,17,24,14,10,20,,,,,,,,,,,,,
id557,1,jidou,9,8,3,14,20,,,,,,,,,,,,,,,,,,
id558,1,jidou,9,8,3,14,20,,,,,,,,,,,,,,,,,,
id559,0,jidoutekini,9,8,3,14,20,19,4,10,8,13,8,,,,,,,,,,,,
id560,0,shitoshito,18,7,8,19,14,18,7,8,19,14,,,,,,,,,,,,,
id561,0,shibarakushite,18,7,8,1,0,17,0,10,20,18,7,8,19,4,,,,,,,,,
id562,1,shibou,18,7,8,1,14,20,,,,,,,,,,,,,,,,,
id563,1,shibou,18,7,8,1,14,20,,,,,,,,,,,,,,,,,
id564,1,jiman,9,8,12,0,13,,,,,,,,,,,,,,,,,,
id565,1,shimin,18,7,8,12,8,13,,,,,,,,,,,,,,,,,
id566,1,shimekiri,18,7,8,12,4,10,8,17,8,,,,,,,,,,,,,,
id567,0,shimekiru,18,7,8,12,4,10,8,17,20,,,,,,,,,,,,,,
id568,0,jimejime,9,8,12,4,9,8,12,4,,,,,,,,,,,,,,,
id569,0,shimeppoi,18,7,8,12,4,15,15,14,8,,,,,,,,,,,,,,
id570,0,shimeru,18,7,8,12,4,17,20,,,,,,,,,,,,,,,,
id571,1,jimoto,9,8,12,14,19,14,,,,,,,,,,,,,,,,,
id572,1,shain,18,7,0,8,13,,,,,,,,,,,,,,,,,,
id573,1,shakaijin,18,7,0,10,0,8,9,8,13,,,,,,,,,,,,,,
id574,1,shako,18,7,0,10,14,,,,,,,,,,,,,,,,,,
id575,1,shasen,18,7,0,18,4,13,,,,,,,,,,,,,,,,,
id576,1,shanai,18,7,0,13,0,8,,,,,,,,,,,,,,,,,
id577,0,shaberu,18,7,0,1,4,17,20,,,,,,,,,,,,,,,,
id578,0,jamasuru,9,0,12,0,18,20,17,20,,,,,,,,,,,,,,,
id579,1,janken,9,0,13,10,4,13,,,,,,,,,,,,,,,,,
id580,0,jankenpon,9,0,13,10,4,13,15,14,13,,,,,,,,,,,,,,
id581,0,shuu,18,7,20,20,,,,,,,,,,,,,,,,,,,
id582,0,juu,9,20,20,,,,,,,,,,,,,,,,,,,,
id583,1,shuukanshi,18,7,20,20,10,0,13,18,7,8,,,,,,,,,,,,,
id584,1,shuukyou,18,7,20,20,10,24,14,20,,,,,,,,,,,,,,,
id585,1,juugyouin,9,20,20,6,24,14,20,8,13,,,,,,,,,,,,,,
id586,1,shuugou,18,7,20,20,6,14,20,,,,,,,,,,,,,,,,
id587,1,shuushikatei,18,7,20,20,18,7,8,10,0,19,4,8,,,,,,,,,,,
id588,1,shuushoku,18,7,20,20,18,7,14,10,20,,,,,,,,,,,,,,
id589,1,juutai,9,20,20,19,0,8,,,,,,,,,,,,,,,,,
id590,0,juudai,9,20,20,3,0,8,,,,,,,,,,,,,,,,,
id591,0,shuuchuuteki,18,7,20,20,2,7,20,20,19,4,10,8,,,,,,,,,,,
id592,0,juuni,9,20,20,13,8,,,,,,,,,,,,,,,,,,
id593,0,juuyou,9,20,20,24,14,20,,,,,,,,,,,,,,,,,
id594,1,shuen,18,7,20,4,13,,,,,,,,,,,,,,,,,,
id595,1,jugyouryou,9,20,6,24,14,20,17,24,14,20,,,,,,,,,,,,,
id596,1,shushou,18,7,20,18,7,14,20,,,,,,,,,,,,,,,,
id597,1,shujinkou,18,7,20,9,8,13,10,14,20,,,,,,,,,,,,,,
id598,1,shukka,18,7,20,10,10,0,,,,,,,,,,,,,,,,,
id599,1,shussan,18,7,20,18,18,0,13,,,,,,,,,,,,,,,,
id600,1,shussha,18,7,20,18,18,7,0,,,,,,,,,,,,,,,,
id601,1,shutsujou,18,7,20,19,18,20,9,14,20,,,,,,,,,,,,,,
id602,1,shusshin,18,7,20,18,18,7,8,13,,,,,,,,,,,,,,,
id603,1,shusse,18,7,20,18,18,4,,,,,,,,,,,,,,,,,
id604,1,jumyou,9,20,12,24,14,20,,,,,,,,,,,,,,,,,
id605,0,shou,18,7,14,20,,,,,,,,,,,,,,,,,,,
id606,0,jou,9,14,20,,,,,,,,,,,,,,,,,,,,
id607,1,joui,9,14,20,8,,,,,,,,,,,,,,,,,,,
id608,1,shougaku~nensei,18,7,14,20,6,0,10,20,29,13,4,13,18,4,8,,,,,,,,
id609,1,shougakusei,18,7,14,20,6,0,10,20,18,4,8,,,,,,,,,,,,
id610,0,shouganai,18,7,14,20,6,0,13,0,8,,,,,,,,,,,,,,
id611,1,shougi,18,7,14,20,6,8,,,,,,,,,,,,,,,,,
id612,1,joukyuu,9,14,20,10,24,20,20,,,,,,,,,,,,,,,,
id613,1,joukyou,9,14,20,10,24,14,20,,,,,,,,,,,,,,,,
id614,0,shoukyokuteki,18,7,14,20,10,24,14,10,20,19,4,10,8,,,,,,,,,,
id615,1,jouken,9,14,20,10,4,13,,,,,,,,,,,,,,,,,
id616,1,joushi,9,14,20,18,7,8,,,,,,,,,,,,,,,,,
id617,1,shousha,18,7,14,20,18,7,0,,,,,,,,,,,,,,,,
id618,1,jousha,9,14,20,18,7,0,,,,,,,,,,,,,,,,,
id619,1,shoushin,18,7,14,20,18,7,8,13,,,,,,,,,,,,,,,
id620,1,joutai,9,14,20,19,0,8,,,,,,,,,,,,,,,,,
id621,1,shoutaijou,18,7,14,20,19,0,8,9,14,20,,,,,,,,,,,,,
id622,1,shoutotsu,18,7,14,20,19,14,19,18,20,,,,,,,,,,,,,,
id623,1,shounen,18,7,14,20,13,4,13,,,,,,,,,,,,,,,,
id624,1,shoubai,18,7,14,20,1,0,8,,,,,,,,,,,,,,,,
id625,1,shouhizei,18,7,14,20,7,8,25,4,8,,,,,,,,,,,,,,
id626,1,shouhin,18,7,14,20,7,8,13,,,,,,,,,,,,,,,,
id627,1,shouhin,18,7,14,20,7,8,13,,,,,,,,,,,,,,,,
id628,1,shoubu,18,7,14,20,1,20,,,,,,,,,,,,,,,,,
id629,1,jouhou,9,14,20,7,14,20,,,,,,,,,,,,,,,,,
id630,1,shoumikigen,18,7,14,20,12,8,10,8,6,4,13,,,,,,,,,,,,
id631,1,jouryuu,9,14,20,17,24,20,20,,,,,,,,,,,,,,,,
id632,1,shiyouryoukin,18,7,8,24,14,20,17,24,14,20,10,8,13,,,,,,,,,,
id633,1,shoopenhauaa,18,7,14,14,15,4,13,7,0,20,0,0,,,,,,,,,,,
id634,1,shokyuu,18,7,14,10,24,20,20,,,,,,,,,,,,,,,,
id635,1,shokuin,18,7,14,10,20,8,13,,,,,,,,,,,,,,,,
id636,1,shokugyou,18,7,14,10,20,6,24,14,20,,,,,,,,,,,,,,
id637,1,shokuchuudoku,18,7,14,10,20,2,7,20,20,3,14,10,20,,,,,,,,,,
id638,1,shokuhi,18,7,14,10,20,7,8,,,,,,,,,,,,,,,,
id639,1,jogen,9,14,6,4,13,,,,,,,,,,,,,,,,,,
id640,0,shoppai,18,7,14,15,15,0,8,,,,,,,,,,,,,,,,
id641,1,joyuu,9,14,24,20,20,,,,,,,,,,,,,,,,,,
id642,1,shiri,18,7,8,17,8,,,,,,,,,,,,,,,,,,
id643,1,shiriai,18,7,8,17,8,0,8,,,,,,,,,,,,,,,,
id644,1,shiriizu,18,7,8,17,8,8,25,20,,,,,,,,,,,,,,,
id645,1,shirubaa,18,7,8,17,20,1,0,0,,,,,,,,,,,,,,,
id646,1,shirubaasangyou,18,7,8,17,20,1,0,0,18,0,13,6,24,14,20,,,,,,,,
id647,1,shiroobi,18,7,8,17,14,14,1,8,,,,,,,,,,,,,,,
id648,0,jirojiro,9,8,17,14,9,8,17,14,,,,,,,,,,,,,,,
id649,0,shiroppoi,18,7,8,17,14,15,15,14,8,,,,,,,,,,,,,,
id650,1,shingaku,18,7,8,13,6,0,10,20,,,,,,,,,,,,,,,
id651,1,shinkiroku,18,7,8,13,10,8,17,14,10,20,,,,,,,,,,,,,
id652,0,shinken,18,7,8,13,10,4,13,,,,,,,,,,,,,,,,
id653,0,shinkoku,18,7,8,13,10,14,10,20,,,,,,,,,,,,,,,
id654,1,shinkokusa,18,7,8,13,10,14,10,20,18,0,,,,,,,,,,,,,
id655,1,shinsaku,18,7,8,13,18,0,10,20,,,,,,,,,,,,,,,
id656,1,shinsha,18,7,8,13,18,7,0,,,,,,,,,,,,,,,,
id657,1,shinsei,18,7,8,13,18,4,8,,,,,,,,,,,,,,,,
id658,1,jinsei,9,8,13,18,4,8,,,,,,,,,,,,,,,,,
id659,1,shinseki,18,7,8,13,18,4,10,8,,,,,,,,,,,,,,,
id660,0,shinsen,18,7,8,13,18,4,13,,,,,,,,,,,,,,,,
id661,1,shinzou,18,7,8,13,25,14,20,,,,,,,,,,,,,,,,
id662,1,shinnyuusei,18,7,8,13,13,24,20,20,18,4,8,,,,,,,,,,,,
id663,1,shinpo,18,7,8,13,15,14,,,,,,,,,,,,,,,,,
id664,1,shinyuu,18,7,8,13,24,20,20,,,,,,,,,,,,,,,,
id665,1,shinrai,18,7,8,13,17,0,8,,,,,,,,,,,,,,,,
id666,1,shinrigaku,18,7,8,13,17,8,6,0,10,20,,,,,,,,,,,,,
id667,1,suigara,18,20,8,6,0,17,0,,,,,,,,,,,,,,,,
id668,1,suugaku,18,20,20,6,0,10,20,,,,,,,,,,,,,,,,
id669,1,suuji,18,20,20,9,8,,,,,,,,,,,,,,,,,,
id670,0,zuuzuushii,25,20,20,25,20,20,18,7,8,8,,,,,,,,,,,,,
id671,1,suunin,18,20,20,13,8,13,,,,,,,,,,,,,,,,,
id672,1,sugata,18,20,6,0,19,0,,,,,,,,,,,,,,,,,
id673,0,sugi,18,20,6,8,,,,,,,,,,,,,,,,,,,
id674,0,zuki,25,20,10,8,,,,,,,,,,,,,,,,,,,
id675,0,sugu,18,20,6,20,,,,,,,,,,,,,,,,,,,
id676,0,sugoku,18,20,6,14,10,20,,,,,,,,,,,,,,,,,
id677,0,sukoshimo,18,20,10,14,18,7,8,12,14,,,,,,,,,,,,,,
id678,0,sugosu,18,20,6,14,18,20,,,,,,,,,,,,,,,,,
id679,0,susumu,18,20,18,20,12,20,,,,,,,,,,,,,,,,,
id680,1,suzume,18,20,25,20,12,4,,,,,,,,,,,,,,,,,
id681,0,susumeru,18,20,18,20,12,4,17,20,,,,,,,,,,,,,,,
id682,0,sukkari,18,20,10,10,0,17,8,,,,,,,,,,,,,,,,
id683,0,suppai,18,20,15,15,0,8,,,,,,,,,,,,,,,,,
id684,0,sudeni,18,20,3,4,13,8,,,,,,,,,,,,,,,,,
id685,1,sutoobu,18,20,19,14,14,1,20,,,,,,,,,,,,,,,,
id686,1,sutoorii,18,20,19,14,14,17,8,8,,,,,,,,,,,,,,,
id687,1,sutoraiki,18,20,19,14,17,0,8,10,8,,,,,,,,,,,,,,
id688,1,supagetei,18,20,15,0,6,4,19,4,8,,,,,,,,,,,,,,
id689,1,supiido,18,20,15,8,8,3,14,,,,,,,,,,,,,,,,
id690,1,supiidoihan,18,20,15,8,8,3,14,8,7,0,13,,,,,,,,,,,,
id691,0,subete,18,20,1,4,19,4,,,,,,,,,,,,,,,,,
id692,0,suberu,18,20,1,4,17,20,,,,,,,,,,,,,,,,,
id693,0,sumaseru,18,20,12,0,18,4,17,20,,,,,,,,,,,,,,,
id694,0,sumu,18,20,12,20,,,,,,,,,,,,,,,,,,,
id695,0,sumuuzu,18,20,12,20,20,25,20,,,,,,,,,,,,,,,,
id696,1,surippu,18,20,17,8,15,15,20,,,,,,,,,,,,,,,,
id697,0,surechigau,18,20,17,4,2,7,8,6,0,20,,,,,,,,,,,,,
id698,0,seikaku,18,4,8,10,0,10,20,,,,,,,,,,,,,,,,
id699,1,seikaku,18,4,8,10,0,10,20,,,,,,,,,,,,,,,,
id700,1,seikatsuhi,18,4,8,10,0,19,18,20,7,8,,,,,,,,,,,,,
id701,1,seiki,18,4,8,10,8,,,,,,,,,,,,,,,,,,
id702,1,seisan,18,4,8,18,0,13,,,,,,,,,,,,,,,,,
id703,1,seijika,18,4,8,9,8,10,0,,,,,,,,,,,,,,,,
id704,1,seisho,18,4,8,18,7,14,,,,,,,,,,,,,,,,,
id705,1,seijin,18,4,8,9,8,13,,,,,,,,,,,,,,,,,
id706,1,seijinshiki,18,4,8,9,8,13,18,7,8,10,8,,,,,,,,,,,,
id707,0,seishinteki,18,4,8,18,7,8,13,19,4,10,8,,,,,,,,,,,,
id708,0,seizou(gaisha),18,4,8,25,14,20,-57,6,0,8,18,7,0,-56,,,,,,,,,
id709,1,seichou,18,4,8,2,7,14,20,,,,,,,,,,,,,,,,
id710,1,seito,18,4,8,19,14,,,,,,,,,,,,,,,,,,
id711,1,seinengappi,18,4,8,13,4,13,6,0,15,15,8,,,,,,,,,,,,
id712,1,seifu,18,4,8,5,20,,,,,,,,,,,,,,,,,,
id713,1,seibutsu,18,4,8,1,20,19,18,20,,,,,,,,,,,,,,,
id714,1,seibun,18,4,8,1,20,13,,,,,,,,,,,,,,,,,
id715,1,seiyou,18,4,8,24,14,20,,,,,,,,,,,,,,,,,
id716,1,seerusu,18,4,4,17,20,18,20,,,,,,,,,,,,,,,,
id717,1,seerusuman,18,4,4,17,20,18,20,12,0,13,,,,,,,,,,,,,
id718,1,sekaiichi,18,4,10,0,8,8,2,7,8,,,,,,,,,,,,,,
id719,1,sekitan,18,4,10,8,19,0,13,,,,,,,,,,,,,,,,
id720,0,sekkaku,18,4,10,10,0,10,20,,,,,,,,,,,,,,,,
id721,0,sekkyokuteki,18,4,10,10,24,14,10,20,19,4,10,8,,,,,,,,,,,
id722,1,setto,18,4,19,19,14,,,,,,,,,,,,,,,,,,
id723,1,setsuyaku,18,4,19,18,20,24,0,10,20,,,,,,,,,,,,,,
id724,1,senaka,18,4,13,0,10,0,,,,,,,,,,,,,,,,,
id725,1,seneka,18,4,13,4,10,0,,,,,,,,,,,,,,,,,
id726,1,serifu,18,4,17,8,5,20,,,,,,,,,,,,,,,,,
id727,1,zen'in,25,4,13,-58,8,13,,,,,,,,,,,,,,,,,
id728,1,zenkai,25,4,13,10,0,8,,,,,,,,,,,,,,,,,
id729,1,senkyo,18,4,13,10,24,14,,,,,,,,,,,,,,,,,
id730,1,sensaa,18,4,13,18,0,0,,,,,,,,,,,,,,,,,
id731,1,senshu,18,4,13,18,7,20,,,,,,,,,,,,,,,,,
id732,1,sentaku,18,4,13,19,0,10,20,,,,,,,,,,,,,,,,
id733,1,senden,18,4,13,3,4,13,,,,,,,,,,,,,,,,,
id734,1,senpai,18,4,13,15,0,8,,,,,,,,,,,,,,,,,
id735,1,zenhan,25,4,13,7,0,13,,,,,,,,,,,,,,,,,
id736,1,senmonka,18,4,13,12,14,13,10,0,,,,,,,,,,,,,,,
id737,1,senmonyougo,18,4,13,12,14,13,24,14,20,6,14,,,,,,,,,,,,
id738,1,senyou,18,4,13,24,14,20,,,,,,,,,,,,,,,,,
id739,1,zouka,25,14,20,10,0,,,,,,,,,,,,,,,,,,
id740,0,sougouteki,18,14,20,6,14,20,19,4,10,8,,,,,,,,,,,,,
id741,1,souzai,18,14,20,25,0,8,,,,,,,,,,,,,,,,,
id742,1,souzo,18,14,20,25,14,,,,,,,,,,,,,,,,,,
id743,1,souchou,18,14,20,2,7,14,20,,,,,,,,,,,,,,,,
id744,0,soutou,18,14,20,19,14,20,,,,,,,,,,,,,,,,,
id745,1,souryou,18,14,20,17,24,14,20,,,,,,,,,,,,,,,,
id746,0,sodatsu,18,14,3,0,19,18,20,,,,,,,,,,,,,,,,
id747,0,sokkuri,18,14,10,10,20,17,8,,,,,,,,,,,,,,,,
id748,1,sonohen,18,14,13,14,7,4,13,,,,,,,,,,,,,,,,
id749,1,soba,18,14,1,0,,,,,,,,,,,,,,,,,,,
id750,0,soboku,18,14,1,14,10,20,,,,,,,,,,,,,,,,,
id751,0,soyosoyo,18,14,24,14,18,14,24,14,,,,,,,,,,,,,,,
id752,1,sorezore,18,14,17,4,25,14,17,4,,,,,,,,,,,,,,,
id753,0,soredeha,18,14,17,4,3,4,7,0,,,,,,,,,,,,,,,
id754,0,soredeha,18,14,17,4,3,4,7,0,,,,,,,,,,,,,,,
id755,0,sorenanoni,18,14,17,4,13,0,13,14,13,8,,,,,,,,,,,,,
id756,0,sorou,18,14,17,14,20,,,,,,,,,,,,,,,,,,
id757,0,soroeru,18,14,17,14,4,17,20,,,,,,,,,,,,,,,,
id758,0,tai,19,0,8,,,,,,,,,,,,,,,,,,,,
id759,0,dai,3,0,8,,,,,,,,,,,,,,,,,,,,
id760,0,dai,3,0,8,,,,,,,,,,,,,,,,,,,,
id761,1,dai~shibou,3,0,8,29,18,7,8,1,14,20,,,,,,,,,,,,,
id762,1,taigaku,19,0,8,6,0,10,20,,,,,,,,,,,,,,,,
id763,1,daigakuinsei,3,0,8,6,0,10,20,8,13,18,4,8,,,,,,,,,,,
id764,1,daigakusei,3,0,8,6,0,10,20,18,4,8,,,,,,,,,,,,,
id765,1,taikichuu,19,0,8,10,8,2,7,20,20,,,,,,,,,,,,,,
id766,0,taikutsu,19,0,8,10,20,19,18,20,,,,,,,,,,,,,,,
id767,1,taiken,19,0,8,10,4,13,,,,,,,,,,,,,,,,,
id768,1,taikousha,19,0,8,10,14,20,18,7,0,,,,,,,,,,,,,,
id769,0,daiji,3,0,8,9,8,,,,,,,,,,,,,,,,,,
id770,1,taishitakoto,19,0,8,18,7,8,19,0,10,14,19,14,,,,,,,,,,,
id771,0,taishitamono,19,0,8,18,7,8,19,0,12,14,13,14,,,,,,,,,,,
id772,0,taishite,19,0,8,18,7,8,19,4,,,,,,,,,,,,,,,
id773,1,taisha,19,0,8,18,7,0,,,,,,,,,,,,,,,,,
id774,1,taijuu,19,0,8,9,20,20,,,,,,,,,,,,,,,,,
id775,1,taishou,19,0,8,18,7,14,20,,,,,,,,,,,,,,,,
id776,1,taishoku,19,0,8,18,7,14,10,20,,,,,,,,,,,,,,,
id777,0,taisuru,19,0,8,18,20,17,20,,,,,,,,,,,,,,,,
id778,1,daiseikou,3,0,8,18,4,8,10,14,20,,,,,,,,,,,,,,
id779,1,taiseiyou,19,0,8,18,4,8,24,14,20,,,,,,,,,,,,,,
id780,1,taitoru,19,0,8,19,14,17,20,,,,,,,,,,,,,,,,
id781,0,daihyouteki,3,0,8,7,24,14,20,19,4,10,8,,,,,,,,,,,,
id782,1,taipu,19,0,8,15,20,,,,,,,,,,,,,,,,,,
id783,0,daibu,3,0,8,1,20,,,,,,,,,,,,,,,,,,
id784,1,daibubun,3,0,8,1,20,1,20,13,,,,,,,,,,,,,,,
id785,1,taiheiyou,19,0,8,7,4,8,24,14,20,,,,,,,,,,,,,,
id786,1,taimukapuseru,19,0,8,12,20,10,0,15,20,18,4,17,20,,,,,,,,,,
id787,1,daimei,3,0,8,12,4,8,,,,,,,,,,,,,,,,,
id788,1,taiya,19,0,8,24,0,,,,,,,,,,,,,,,,,,
id789,0,taosu,19,0,14,18,20,,,,,,,,,,,,,,,,,,
id790,0,daga,3,0,6,0,,,,,,,,,,,,,,,,,,,
id791,0,tagaini,19,0,6,0,8,13,8,,,,,,,,,,,,,,,,
id792,0,takamaru,19,0,10,0,12,0,17,20,,,,,,,,,,,,,,,
id793,0,takameru,19,0,10,0,12,4,17,20,,,,,,,,,,,,,,,
id794,0,dakara,3,0,10,0,17,0,,,,,,,,,,,,,,,,,
id795,1,takarakuji,19,0,10,0,17,0,10,20,9,8,,,,,,,,,,,,,
id796,1,taki,19,0,10,8,,,,,,,,,,,,,,,,,,,
id797,0,dakiau,3,0,10,8,0,20,,,,,,,,,,,,,,,,,
id798,0,taku,19,0,10,20,,,,,,,,,,,,,,,,,,,
id799,0,tashikani,19,0,18,7,8,10,0,13,8,,,,,,,,,,,,,,
id800,0,tasu,19,0,18,20,,,,,,,,,,,,,,,,,,,
id801,0,dasu,3,0,18,20,,,,,,,,,,,,,,,,,,,
id802,0,tasukeau,19,0,18,20,10,4,0,20,,,,,,,,,,,,,,,
id803,0,tasukeru,19,0,18,20,10,4,17,20,,,,,,,,,,,,,,,
id804,0,tazuneru,19,0,25,20,13,4,17,20,,,,,,,,,,,,,,,
id805,0,tada,19,0,3,0,,,,,,,,,,,,,,,,,,,
id806,0,tataku,19,0,19,0,10,20,,,,,,,,,,,,,,,,,
id807,0,tachi,19,0,2,7,8,,,,,,,,,,,,,,,,,,
id808,0,tatsu,19,0,19,18,20,,,,,,,,,,,,,,,,,,
id809,0,tatsu,19,0,19,18,20,,,,,,,,,,,,,,,,,,
id810,1,tassei,19,0,18,18,4,8,,,,,,,,,,,,,,,,,
id811,0,datte,3,0,19,19,4,,,,,,,,,,,,,,,,,,
id812,1,tate,19,0,19,4,,,,,,,,,,,,,,,,,,,
id813,0,date,3,0,19,4,,,,,,,,,,,,,,,,,,,
id814,0,tateru,19,0,19,4,17,20,,,,,,,,,,,,,,,,,
id815,0,tatoe,19,0,19,14,4,,,,,,,,,,,,,,,,,,
id816,1,tatoe,19,0,19,14,4,,,,,,,,,,,,,,,,,,
id817,0,tatoeba,19,0,19,14,4,1,0,,,,,,,,,,,,,,,,
id818,0,tatoeru,19,0,19,14,4,17,20,,,,,,,,,,,,,,,,
id819,0,tanomoshii,19,0,13,14,12,14,18,7,8,8,,,,,,,,,,,,,
id820,1,tabi,19,0,1,8,,,,,,,,,,,,,,,,,,,
id821,1,tabemonoya,19,0,1,4,12,14,13,14,24,0,,,,,,,,,,,,,
id822,0,damasu,3,0,12,0,18,20,,,,,,,,,,,,,,,,,
id823,0,tamaru,19,0,12,0,17,20,,,,,,,,,,,,,,,,,
id824,0,tayorininaru,19,0,24,14,17,8,13,8,13,0,17,20,,,,,,,,,,,
id825,1,tawaa,19,0,22,0,0,,,,,,,,,,,,,,,,,,
id826,0,dan,3,0,13,,,,,,,,,,,,,,,,,,,,
id827,1,tango,19,0,13,6,14,,,,,,,,,,,,,,,,,,
id828,0,tanjun,19,0,13,9,20,13,,,,,,,,,,,,,,,,,
id829,1,tanjou,19,0,13,9,14,20,,,,,,,,,,,,,,,,,
id830,1,dantaishashin,3,0,13,19,0,8,18,7,0,18,7,8,13,,,,,,,,,,
id831,0,tanchou,19,0,13,2,7,14,20,,,,,,,,,,,,,,,,
id832,1,dantou,3,0,13,19,14,20,,,,,,,,,,,,,,,,,
id833,1,danyuu,3,0,13,24,20,20,,,,,,,,,,,,,,,,,
id834,1,danraku,3,0,13,17,0,10,20,,,,,,,,,,,,,,,,
id835,0,chiizu,2,7,8,8,25,20,,,,,,,,,,,,,,,,,
id836,1,chie,2,7,8,4,,,,,,,,,,,,,,,,,,,
id837,1,chesu,2,7,4,18,20,,,,,,,,,,,,,,,,,,
id838,1,chigai,2,7,8,6,0,8,,,,,,,,,,,,,,,,,
id839,0,chikaishourai,2,7,8,10,0,8,18,7,14,20,17,0,8,,,,,,,,,,
id840,0,chikaku,2,7,8,10,0,10,20,,,,,,,,,,,,,,,,
id841,0,chikazuku,2,7,8,10,0,25,20,10,20,,,,,,,,,,,,,,
id842,1,chikyuu,2,7,8,10,24,20,20,,,,,,,,,,,,,,,,
id843,0,chinamini,2,7,8,13,0,12,8,13,8,,,,,,,,,,,,,,
id844,1,chihou,2,7,8,7,14,20,,,,,,,,,,,,,,,,,
id845,1,chaimu,2,7,0,8,12,20,,,,,,,,,,,,,,,,,
id846,0,chairoppoi,2,7,0,8,17,14,15,15,14,8,,,,,,,,,,,,,
id847,0,chanto,2,7,0,13,19,14,,,,,,,,,,,,,,,,,
id848,1,chuuou,2,7,20,20,14,20,,,,,,,,,,,,,,,,,
id849,1,chuuka(ryouri),2,7,20,20,10,0,-57,17,24,14,20,17,8,-56,,,,,,,,,
id850,1,chuukyuu,2,7,20,20,10,24,20,20,,,,,,,,,,,,,,,
id851,1,chuukosha,2,7,20,20,10,14,18,7,0,,,,,,,,,,,,,,
id852,1,chuujun,2,7,20,20,9,20,13,,,,,,,,,,,,,,,,
id853,0,chuushouteki,2,7,20,20,18,7,14,20,19,4,10,8,,,,,,,,,,,
id854,0,chuuni,2,7,20,20,13,8,,,,,,,,,,,,,,,,,
id855,1,chuumoku,2,7,20,20,12,14,10,20,,,,,,,,,,,,,,,
id856,1,chuumon,2,7,20,20,12,14,13,,,,,,,,,,,,,,,,
id857,1,chousa,2,7,14,20,18,0,,,,,,,,,,,,,,,,,
id858,1,choujikan,2,7,14,20,9,8,10,0,13,,,,,,,,,,,,,,
id859,1,choujou,2,7,14,20,9,14,20,,,,,,,,,,,,,,,,
id860,1,chousen,2,7,14,20,18,4,13,,,,,,,,,,,,,,,,
id861,1,chokkei,2,7,14,10,10,4,8,,,,,,,,,,,,,,,,
id862,0,chottoshita,2,7,14,19,19,14,18,7,8,19,0,,,,,,,,,,,,
id863,1,chiri,2,7,8,17,8,,,,,,,,,,,,,,,,,,
id864,1,chinpanjii,2,7,8,13,15,0,13,9,8,8,,,,,,,,,,,,,
id865,0,tsui,19,18,20,8,,,,,,,,,,,,,,,,,,,
id866,0,"tsuideni ",19,18,20,8,3,4,13,8,-65,,,,,,,,,,,,,,
id867,0,tsuini,19,18,20,8,13,8,,,,,,,,,,,,,,,,,
id868,1,tsuukin,19,18,20,20,10,8,13,,,,,,,,,,,,,,,,
id869,0,tsuujiru,19,18,20,20,9,8,17,20,,,,,,,,,,,,,,,
id870,1,tsuuyaku,19,18,20,20,24,0,10,20,,,,,,,,,,,,,,,
id871,0,tsukamaeru,19,18,20,10,0,12,0,4,17,20,,,,,,,,,,,,,
id872,0,tsukiau,19,18,20,10,8,0,20,,,,,,,,,,,,,,,,
id873,1,tsukemono,19,18,20,10,4,12,14,13,14,,,,,,,,,,,,,,
id874,0,tsutaeau,19,18,20,19,0,4,0,20,,,,,,,,,,,,,,,
id875,0,tsuzukeru,19,18,20,25,20,10,4,17,20,,,,,,,,,,,,,,
id876,0,tsunagaru,19,18,20,13,0,6,0,17,20,,,,,,,,,,,,,,
id877,0,tsunagu,19,18,20,13,0,6,20,,,,,,,,,,,,,,,,
id878,0,tsunageru,19,18,20,13,0,6,4,17,20,,,,,,,,,,,,,,
id879,1,tsunami,19,18,20,13,0,12,8,,,,,,,,,,,,,,,,
id880,0,ppoi,15,15,14,8,,,,,,,,,,,,,,,,,,,
id881,1,tsumasaki,19,18,20,12,0,18,0,10,8,,,,,,,,,,,,,,
id882,0,tsumari,19,18,20,12,0,17,8,,,,,,,,,,,,,,,,
id883,0,tsumu,19,18,20,12,20,,,,,,,,,,,,,,,,,,
id884,1,tsume,19,18,20,12,4,,,,,,,,,,,,,,,,,,
id885,0,tsumoru,19,18,20,12,14,17,20,,,,,,,,,,,,,,,,
id886,1,tsuyu,19,18,20,24,20,,,,,,,,,,,,,,,,,,
id887,1,tsuyuake,19,18,20,24,20,0,10,4,,,,,,,,,,,,,,,
id888,0,tsuyomaru,19,18,20,24,14,12,0,17,20,,,,,,,,,,,,,,
id889,1,tsuyomi,19,18,20,24,14,12,8,,,,,,,,,,,,,,,,
id890,0,tsuyomeru,19,18,20,24,14,12,4,17,20,,,,,,,,,,,,,,
id891,0,tsurai,19,18,20,17,0,8,,,,,,,,,,,,,,,,,
id892,0,tsurutsuru,19,18,20,17,20,19,18,20,17,20,,,,,,,,,,,,,
id893,0,deau,3,4,0,20,,,,,,,,,,,,,,,,,,,
id894,1,teian,19,4,8,0,13,,,,,,,,,,,,,,,,,,
id895,1,diikee,3,8,8,10,4,4,,,,,,,,,,,,,,,,,
id896,1,dizuniirando,3,8,25,20,13,8,8,17,0,13,3,14,,,,,,,,,,,
id897,1,teido,19,4,8,3,14,,,,,,,,,,,,,,,,,,
id898,1,teema,19,4,4,12,0,,,,,,,,,,,,,,,,,,
id899,1,teemapaaku,19,4,4,12,0,15,0,0,10,20,,,,,,,,,,,,,
id900,0,teganobiru,19,4,6,0,13,14,1,8,17,20,,,,,,,,,,,,,
id901,0,dekiagaru,3,4,10,8,0,6,0,17,20,,,,,,,,,,,,,,
id902,1,dekigoto,3,4,10,8,6,14,19,14,,,,,,,,,,,,,,,
id903,1,tekisei,19,4,10,8,18,4,8,,,,,,,,,,,,,,,,
id904,0,tekitouni,19,4,10,8,19,14,20,13,8,,,,,,,,,,,,,,
id905,1,tekubi,19,4,10,20,1,8,,,,,,,,,,,,,,,,,
id906,1,dezaato,3,4,25,0,0,19,14,,,,,,,,,,,,,,,,
id907,1,dezainaa,3,4,25,0,8,13,0,0,,,,,,,,,,,,,,,
id908,1,tesuuryou,19,4,18,20,20,17,24,14,20,,,,,,,,,,,,,,
id909,0,desukeredomo,3,4,18,20,10,4,17,4,3,14,12,14,,,,,,,,,,,
id910,1,tetsugakusha,19,4,19,18,20,6,0,10,20,18,7,0,,,,,,,,,,,
id911,0,tetsugakuteki,19,4,19,18,20,6,0,10,20,19,4,10,8,,,,,,,,,,
id912,1,tetsudou,19,4,19,18,20,3,14,20,,,,,,,,,,,,,,,
id913,1,tetsuya,19,4,19,18,20,24,0,,,,,,,,,,,,,,,,
id914,0,teniireru,19,4,13,8,8,17,4,17,20,,,,,,,,,,,,,,
id915,0,tenihairu,19,4,13,8,7,0,8,17,20,,,,,,,,,,,,,,
id916,1,demae,3,4,12,0,4,,,,,,,,,,,,,,,,,,
id917,1,ten,19,4,13,,,,,,,,,,,,,,,,,,,,
id918,1,ten'in,19,4,13,-58,8,13,,,,,,,,,,,,,,,,,
id919,1,denkyuu,3,4,13,10,24,20,20,,,,,,,,,,,,,,,,
id920,1,dengon,3,4,13,6,14,13,,,,,,,,,,,,,,,,,
id921,1,tenji,19,4,13,9,8,,,,,,,,,,,,,,,,,,
id922,1,tenjijou,19,4,13,9,8,9,14,20,,,,,,,,,,,,,,,
id923,1,tenshoku,19,4,13,18,7,14,10,20,,,,,,,,,,,,,,,
id924,1,tenjinsama,19,4,13,9,8,13,18,0,12,0,,,,,,,,,,,,,
id925,1,tensuu,19,4,13,18,20,20,,,,,,,,,,,,,,,,,
id926,1,denchuu,3,4,13,2,7,20,20,,,,,,,,,,,,,,,,
id927,1,tenmetsu,19,4,13,12,4,19,18,20,,,,,,,,,,,,,,,
id928,1,denryokugaisha,3,4,13,17,24,14,10,20,6,0,8,18,7,0,,,,,,,,,
id929,0,do,3,14,,,,,,,,,,,,,,,,,,,,,
id930,0,tou,19,14,20,,,,,,,,,,,,,,,,,,,,
id931,1,touanyoushi,19,14,20,0,13,24,14,20,18,7,8,,,,,,,,,,,,
id932,1,toukai,19,14,20,10,0,8,,,,,,,,,,,,,,,,,
id933,1,toukyoutawawaa,19,14,20,10,24,14,20,19,0,22,0,22,0,0,,,,,,,,,
id934,1,touji,19,14,20,9,8,,,,,,,,,,,,,,,,,,
id935,0,doushi,3,14,20,18,7,8,,,,,,,,,,,,,,,,,
id936,0,doujini,3,14,20,9,8,13,8,,,,,,,,,,,,,,,,
id937,0,doushiyoumonai,3,14,20,18,7,8,24,14,20,12,14,13,0,8,,,,,,,,,
id938,0,touzen,19,14,20,25,4,13,,,,,,,,,,,,,,,,,
id939,0,douyara,3,14,20,24,0,17,0,,,,,,,,,,,,,,,,
id940,1,touyou,19,14,20,24,14,20,,,,,,,,,,,,,,,,,
id941,0,douyouni,3,14,20,24,14,20,13,8,,,,,,,,,,,,,,,
id942,1,douryou,3,14,20,17,24,14,20,,,,,,,,,,,,,,,,
id943,1,douro,3,14,20,17,14,,,,,,,,,,,,,,,,,,
id944,1,tooku,19,14,14,10,20,,,,,,,,,,,,,,,,,,
id945,0,toosu,19,14,14,18,20,,,,,,,,,,,,,,,,,,
id946,1,doomukyuujou,3,14,14,12,20,10,24,20,20,9,14,20,,,,,,,,,,,
id947,0,doori,3,14,14,17,8,,,,,,,,,,,,,,,,,,
id948,1,tokai,19,14,10,0,8,,,,,,,,,,,,,,,,,,
id949,0,dokitto,3,14,10,8,19,19,14,,,,,,,,,,,,,,,,
id950,0,dokidoki,3,14,10,8,3,14,10,8,,,,,,,,,,,,,,,
id951,1,dokyumentarii,3,14,10,24,20,12,4,13,19,0,17,8,8,,,,,,,,,,
id952,0,tokui,19,14,10,20,8,,,,,,,,,,,,,,,,,,
id953,0,tokushu,19,14,10,20,18,7,20,,,,,,,,,,,,,,,,
id954,1,tokushuu,19,14,10,20,18,7,20,20,,,,,,,,,,,,,,,
id955,1,dokusho,3,14,10,20,18,7,14,,,,,,,,,,,,,,,,
id956,1,tokuchou,19,14,10,20,2,7,14,20,,,,,,,,,,,,,,,
id957,1,toge,19,14,6,4,,,,,,,,,,,,,,,,,,,
id958,0,tokeru,19,14,10,4,17,20,,,,,,,,,,,,,,,,,
id959,1,dokomo,3,14,10,14,12,14,,,,,,,,,,,,,,,,,
id960,1,tokoro,19,14,10,14,17,14,,,,,,,,,,,,,,,,,
id961,0,tokoroga,19,14,10,14,17,14,6,0,,,,,,,,,,,,,,,
id962,1,tozan,19,14,25,0,13,,,,,,,,,,,,,,,,,,
id963,1,toshi,19,14,18,7,8,,,,,,,,,,,,,,,,,,
id964,1,toshi,19,14,18,7,8,,,,,,,,,,,,,,,,,,
id965,0,tojikomoru,19,14,9,8,10,14,12,14,17,20,,,,,,,,,,,,,
id966,1,toshiyori,19,14,18,7,8,24,14,17,8,,,,,,,,,,,,,,
id967,1,toshin,19,14,18,7,8,13,,,,,,,,,,,,,,,,,
id968,1,tochuu,19,14,2,7,20,20,,,,,,,,,,,,,,,,,
id969,0,dochirakatoiuto,3,14,2,7,8,17,0,10,0,19,14,8,20,19,14,,,,,,,,
id970,0,dochirakatoieba,3,14,2,7,8,17,0,10,0,19,14,8,4,1,0,,,,,,,,
id971,1,dokkai,3,14,10,10,0,8,,,,,,,,,,,,,,,,,
id972,1,toppu,19,14,15,15,20,,,,,,,,,,,,,,,,,,
id973,0,totemo,19,14,19,4,12,14,,,,,,,,,,,,,,,,,
id974,0,tonikaku,19,14,13,8,10,0,10,20,,,,,,,,,,,,,,,
id975,0,tobasu,19,14,1,0,18,20,,,,,,,,,,,,,,,,,
id976,0,tobiagaru,19,14,1,8,0,6,0,17,20,,,,,,,,,,,,,,
id977,0,tobidasu,19,14,1,8,3,0,18,20,,,,,,,,,,,,,,,
id978,0,tobu,19,14,1,20,,,,,,,,,,,,,,,,,,,
id979,1,doboku(kougaku),3,14,1,14,10,20,-57,10,14,20,6,0,10,20,-56,,,,,,,,
id980,0,tomoni,19,14,12,14,13,8,,,,,,,,,,,,,,,,,
id981,1,tora,19,14,17,0,,,,,,,,,,,,,,,,,,,
id982,1,torishimari,19,14,17,8,18,7,8,12,0,17,8,,,,,,,,,,,,
id983,1,torikkuaato,19,14,17,8,10,10,20,0,0,19,14,,,,,,,,,,,,
id984,1,doryoku,3,14,17,24,14,10,20,,,,,,,,,,,,,,,,
id985,0,toru,19,14,17,20,,,,,,,,,,,,,,,,,,,
id986,1,doru,3,14,17,20,,,,,,,,,,,,,,,,,,,
id987,1,toreeningu,19,14,17,4,4,13,8,13,6,20,,,,,,,,,,,,,
id988,1,doresu,3,14,17,4,18,20,,,,,,,,,,,,,,,,,
id989,1,doremo,3,14,17,4,12,14,,,,,,,,,,,,,,,,,
id990,0,tondemonai,19,14,13,3,4,12,14,13,0,8,,,,,,,,,,,,,
id991,0,dondon,3,14,13,3,14,13,,,,,,,,,,,,,,,,,
id992,1,naiyou,13,0,8,24,14,20,,,,,,,,,,,,,,,,,
id993,0,nagasu,13,0,6,0,18,20,,,,,,,,,,,,,,,,,
id994,1,nagasode,13,0,6,0,18,14,3,4,,,,,,,,,,,,,,,
id995,1,nagatabi,13,0,6,0,19,0,1,8,,,,,,,,,,,,,,,
id996,1,nakami,13,0,10,0,12,8,,,,,,,,,,,,,,,,,
id997,1,nakayubi,13,0,10,0,24,20,1,8,,,,,,,,,,,,,,,
id998,0,nakayoku,13,0,10,0,24,14,10,20,,,,,,,,,,,,,,,
id999,1,nagare,13,0,6,0,17,4,,,,,,,,,,,,,,,,,
id1000,0,nagareru,13,0,6,0,17,4,17,20,,,,,,,,,,,,,,,
id1001,0,naku,13,0,10,20,,,,,,,,,,,,,,,,,,,
id1002,0,nakusu,13,0,10,20,18,20,,,,,,,,,,,,,,,,,
id1003,0,naguriau,13,0,6,20,17,8,0,20,,,,,,,,,,,,,,,
id1004,0,naguru,13,0,6,20,17,20,,,,,,,,,,,,,,,,,
id1005,0,natsukashii,13,0,19,18,20,10,0,18,7,8,8,,,,,,,,,,,,
id1006,1,nattou,13,0,19,19,14,20,,,,,,,,,,,,,,,,,
id1007,1,nattoku,13,0,19,19,14,10,20,,,,,,,,,,,,,,,,
id1008,1,natsuyasumi,13,0,19,18,20,24,0,18,20,12,8,,,,,,,,,,,,
id1009,1,naname,13,0,13,0,12,4,,,,,,,,,,,,,,,,,
id1010,0,naniyorimo,13,0,13,8,24,14,17,8,12,14,,,,,,,,,,,,,
id1011,1,nama,13,0,12,0,,,,,,,,,,,,,,,,,,,
id1012,1,namatamago,13,0,12,0,19,0,12,0,6,14,,,,,,,,,,,,,
id1013,1,nayami,13,0,24,0,12,8,,,,,,,,,,,,,,,,,
id1014,0,nayamu,13,0,24,0,12,20,,,,,,,,,,,,,,,,,
id1015,0,narasu,13,0,17,0,18,20,,,,,,,,,,,,,,,,,
id1016,0,naru,13,0,17,20,,,,,,,,,,,,,,,,,,,
id1017,0,naruhodo,13,0,17,20,7,14,3,14,,,,,,,,,,,,,,,
id1018,1,nankyoku,13,0,13,10,24,14,10,20,,,,,,,,,,,,,,,
id1019,0,nandemonai,13,0,13,3,4,12,14,13,0,8,,,,,,,,,,,,,
id1020,0,nantokasuru,13,0,13,19,14,10,0,18,20,17,20,,,,,,,,,,,,
id1021,0,nantokanaru,13,0,13,19,14,10,0,13,0,17,20,,,,,,,,,,,,
id1022,0,nantonaku,13,0,13,19,14,13,0,10,20,,,,,,,,,,,,,,
id1023,1,nanboku,13,0,13,1,14,10,20,,,,,,,,,,,,,,,,
id1024,0,niau,13,8,0,20,,,,,,,,,,,,,,,,,,,
id1025,1,nigaoe,13,8,6,0,14,4,,,,,,,,,,,,,,,,,
id1026,0,nigate,13,8,6,0,19,4,,,,,,,,,,,,,,,,,
id1027,1,nigami,13,8,6,0,12,8,,,,,,,,,,,,,,,,,
id1028,1,nigirikobushi,13,8,6,8,17,8,10,14,1,20,18,7,8,,,,,,,,,,
id1029,0,nigiru,13,8,6,8,17,20,,,,,,,,,,,,,,,,,
id1030,0,nikoniko,13,8,10,14,13,8,10,14,,,,,,,,,,,,,,,
id1031,1,nisankatanso,13,8,18,0,13,10,0,19,0,13,18,14,,,,,,,,,,,
id1032,1,nisemono,13,8,18,4,12,14,13,14,,,,,,,,,,,,,,,
id1033,1,nihonkai,13,8,7,14,13,10,0,8,,,,,,,,,,,,,,,
id1034,1,nihonshu,13,8,7,14,13,18,7,20,,,,,,,,,,,,,,,
id1035,1,nihonjuu,13,8,7,14,13,9,20,20,,,,,,,,,,,,,,,
id1036,0,niyaniya,13,8,24,0,13,8,24,0,,,,,,,,,,,,,,,
id1037,1,nyuugakukin,13,24,20,20,6,0,10,20,10,8,13,,,,,,,,,,,,
id1038,1,nyuusha,13,24,20,20,18,7,0,,,,,,,,,,,,,,,,
id1039,1,nyuushashiki,13,24,20,20,18,7,0,18,7,8,10,8,,,,,,,,,,,
id1040,1,nyuujousha,13,24,20,20,9,14,20,18,7,0,,,,,,,,,,,,,
id1041,1,nyuujouryou,13,24,20,20,9,14,20,17,24,14,20,,,,,,,,,,,,
id1042,0,niru,13,8,17,20,,,,,,,,,,,,,,,,,,,
id1043,0,niru,13,8,17,20,,,,,,,,,,,,,,,,,,,
id1044,1,ningen,13,8,13,6,4,13,,,,,,,,,,,,,,,,,
id1045,0,ninmae,13,8,13,12,0,4,,,,,,,,,,,,,,,,,
id1046,0,nusumu,13,20,18,20,12,20,,,,,,,,,,,,,,,,,
id1047,1,nuno,13,20,13,14,,,,,,,,,,,,,,,,,,,
id1048,0,nuru,13,20,17,20,,,,,,,,,,,,,,,,,,,
id1049,1,neagari,13,4,0,6,0,17,8,,,,,,,,,,,,,,,,
id1050,1,nesagari,13,4,18,0,6,0,17,8,,,,,,,,,,,,,,,
id1051,1,nezumi,13,4,25,20,12,8,,,,,,,,,,,,,,,,,
id1052,1,nekkuresu,13,4,10,10,20,17,4,18,20,,,,,,,,,,,,,,
id1053,0,nendai,13,4,13,3,0,8,,,,,,,,,,,,,,,,,
id1054,1,nenmatsu,13,4,13,12,0,19,18,20,,,,,,,,,,,,,,,
id1055,1,nenrei,13,4,13,17,4,8,,,,,,,,,,,,,,,,,
id1056,1,nougyou,13,14,20,6,24,14,20,,,,,,,,,,,,,,,,
id1057,1,noudo,13,14,20,3,14,,,,,,,,,,,,,,,,,,
id1058,0,nokosu,13,14,10,14,18,20,,,,,,,,,,,,,,,,,
id1059,0,noseru,13,14,18,4,17,20,,,,,,,,,,,,,,,,,
id1060,0,noseru,13,14,18,4,17,20,,,,,,,,,,,,,,,,,
id1061,0,nozoku,13,14,25,14,10,20,,,,,,,,,,,,,,,,,
id1062,0,nobasu,13,14,1,0,18,20,,,,,,,,,,,,,,,,,
id1063,0,nobasu,13,14,1,0,18,20,,,,,,,,,,,,,,,,,
id1064,1,nohara,13,14,7,0,17,0,,,,,,,,,,,,,,,,,
id1065,0,nobiru,13,14,1,8,17,20,,,,,,,,,,,,,,,,,
id1066,0,nobiru,13,14,1,8,17,20,,,,,,,,,,,,,,,,,
id1067,0,noboru,13,14,1,14,17,20,,,,,,,,,,,,,,,,,
id1068,1,nori,13,14,17,8,,,,,,,,,,,,,,,,,,,
id1069,1,norisugosu,13,14,17,8,18,20,6,14,18,20,,,,,,,,,,,,,
id1070,0,noru,13,14,17,20,,,,,,,,,,,,,,,,,,,
id1071,0,nonki,13,14,13,10,8,,,,,,,,,,,,,,,,,,
id1072,0,nonbiri,13,14,13,1,8,17,8,,,,,,,,,,,,,,,,
id1073,1,baagenseeru,1,0,0,6,4,13,18,4,4,17,20,,,,,,,,,,,,
id1074,1,paasento,15,0,0,18,4,13,19,14,,,,,,,,,,,,,,,
id1075,1,paatonaa,15,0,0,19,14,13,0,0,,,,,,,,,,,,,,,
id1076,1,bai,1,0,8,,,,,,,,,,,,,,,,,,,,
id1077,1,haiiro,7,0,8,8,17,14,,,,,,,,,,,,,,,,,
id1078,1,baiu,1,0,8,20,,,,,,,,,,,,,,,,,,,
id1079,1,baikingu,1,0,8,10,8,13,6,20,,,,,,,,,,,,,,,
id1080,1,baiku,1,0,8,10,20,,,,,,,,,,,,,,,,,,
id1081,1,haiteku(saigyou),7,0,8,19,4,10,20,-57,18,0,8,6,24,14,20,-56,,,,,,,
id1082,1,haiyuu,7,0,8,24,20,20,,,,,,,,,,,,,,,,,
id1083,0,haeru,7,0,4,17,20,,,,,,,,,,,,,,,,,,
id1084,1,haka,7,0,10,0,,,,,,,,,,,,,,,,,,,
id1085,1,baka,1,0,10,0,,,,,,,,,,,,,,,,,,,
id1086,0,hagasu,7,0,6,0,18,20,,,,,,,,,,,,,,,,,
id1087,0,bakarashii,1,0,10,0,17,0,18,7,8,8,,,,,,,,,,,,,
id1088,0,haku~ka,7,0,10,20,29,10,0,,,,,,,,,,,,,,,,
id1089,1,hakushikatei,7,0,10,20,18,7,8,10,0,19,4,8,,,,,,,,,,,
id1090,1,hakushu,7,0,10,20,18,7,20,,,,,,,,,,,,,,,,
id1091,0,hageshii,7,0,6,4,18,7,8,8,,,,,,,,,,,,,,,
id1092,1,hazaadoranpu,7,0,25,0,0,3,14,17,0,13,15,20,,,,,,,,,,,
id1093,0,hajimeha,7,0,9,8,12,4,7,0,,,,,,,,,,,,,,,
id1094,0,hajimeru,7,0,9,8,12,4,17,20,,,,,,,,,,,,,,,
id1095,1,basukettobooru,1,0,18,20,10,4,19,19,14,1,14,14,17,20,,,,,,,,,
id1096,0,hazureru,7,0,25,20,17,4,17,20,,,,,,,,,,,,,,,
id1097,1,hada,7,0,3,0,,,,,,,,,,,,,,,,,,,
id1098,1,hatake,7,0,19,0,10,4,,,,,,,,,,,,,,,,,
id1099,1,hataraki,7,0,19,0,17,0,10,8,,,,,,,,,,,,,,,
id1100,0,hakkirisuru,7,0,10,10,8,17,8,18,20,17,20,,,,,,,,,,,,
id1101,1,hassei,7,0,18,18,4,8,,,,,,,,,,,,,,,,,
id1102,1,hatten,7,0,19,19,4,13,,,,,,,,,,,,,,,,,
id1103,0,hade,7,0,3,4,,,,,,,,,,,,,,,,,,,
id1104,1,hato,7,0,19,14,,,,,,,,,,,,,,,,,,,
id1105,1,hana,7,0,13,0,,,,,,,,,,,,,,,,,,,
id1106,0,hanashiau,7,0,13,0,18,7,8,0,20,,,,,,,,,,,,,,
id1107,0,hanashikakeru,7,0,13,0,18,7,8,10,0,10,4,17,20,,,,,,,,,,
id1108,0,hanasu,7,0,13,0,18,20,,,,,,,,,,,,,,,,,
id1109,1,banana,1,0,13,0,13,0,,,,,,,,,,,,,,,,,
id1110,0,hanareru,7,0,13,0,17,4,17,20,,,,,,,,,,,,,,,
id1111,1,hane,7,0,13,4,,,,,,,,,,,,,,,,,,,
id1112,1,haba,7,0,1,0,,,,,,,,,,,,,,,,,,,
id1113,0,hamaru,7,0,12,0,17,20,,,,,,,,,,,,,,,,,
id1114,1,bamen,1,0,12,4,13,,,,,,,,,,,,,,,,,,
id1115,1,hara,7,0,17,0,,,,,,,,,,,,,,,,,,,
id1116,1,bara,1,0,17,0,,,,,,,,,,,,,,,,,,,
id1117,0,haragatatsu,7,0,17,0,6,0,19,0,19,18,20,,,,,,,,,,,,
id1118,0,harahara,7,0,17,0,7,0,17,0,,,,,,,,,,,,,,,
id1119,0,parapara,15,0,17,0,15,0,17,0,,,,,,,,,,,,,,,
id1120,1,pareedo,15,0,17,4,4,3,14,,,,,,,,,,,,,,,,
id1121,1,bareebooru,1,0,17,4,4,1,14,14,17,20,,,,,,,,,,,,,
id1122,1,hangaku,7,0,13,6,0,10,20,,,,,,,,,,,,,,,,
id1123,1,hankei,7,0,13,10,4,8,,,,,,,,,,,,,,,,,
id1124,1,bankokuhakurankai,1,0,13,10,14,10,20,7,0,10,20,17,0,13,10,0,8,,,,,,
id1125,0,hansuru,7,0,13,18,20,17,20,,,,,,,,,,,,,,,,
id1126,1,hansode,7,0,13,18,14,3,4,,,,,,,,,,,,,,,,
id1127,1,panda,15,0,13,3,0,,,,,,,,,,,,,,,,,,
id1128,0,hantaini,7,0,13,19,0,8,13,8,,,,,,,,,,,,,,,
id1129,1,handan,7,0,13,3,0,13,,,,,,,,,,,,,,,,,
id1130,1,handoru,7,0,13,3,14,17,20,,,,,,,,,,,,,,,,
id1131,1,hannin,7,0,13,13,8,13,,,,,,,,,,,,,,,,,
id1132,1,hannou,7,0,13,13,14,20,,,,,,,,,,,,,,,,,
id1133,1,hanbaagaa,7,0,13,1,0,0,6,0,0,,,,,,,,,,,,,,
id1134,0,hi,7,8,,,,,,,,,,,,,,,,,,,,,
id1135,1,hiatari,7,8,0,19,0,17,8,,,,,,,,,,,,,,,,
id1136,1,higai,7,8,6,0,8,,,,,,,,,,,,,,,,,,
id1137,1,higaeri,7,8,6,0,4,17,8,,,,,,,,,,,,,,,,
id1138,1,hikari,7,8,10,0,17,8,,,,,,,,,,,,,,,,,
id1139,0,hikanteki,7,8,10,0,13,19,4,10,8,,,,,,,,,,,,,,
id1140,0,hiki,7,8,10,8,,,,,,,,,,,,,,,,,,,
id1141,0,hikiukeru,7,8,10,8,20,10,4,17,20,,,,,,,,,,,,,,
id1142,0,hiku,7,8,10,20,,,,,,,,,,,,,,,,,,,
id1143,0,hiku,7,8,10,20,,,,,,,,,,,,,,,,,,,
id1144,0,hiku,7,8,10,20,,,,,,,,,,,,,,,,,,,
id1145,1,hige,7,8,6,4,,,,,,,,,,,,,,,,,,,
id1146,1,higoro,7,8,6,14,17,14,,,,,,,,,,,,,,,,,
id1147,1,hiza,7,8,25,0,,,,,,,,,,,,,,,,,,,
id1148,1,piza,15,8,25,0,,,,,,,,,,,,,,,,,,,
id1149,1,hiji,7,8,9,8,,,,,,,,,,,,,,,,,,,
id1150,1,bijutsukan,1,8,9,20,19,18,20,10,0,13,,,,,,,,,,,,,
id1151,0,hijouni,7,8,9,14,20,13,8,,,,,,,,,,,,,,,,
id1152,1,hijouberu,7,8,9,14,20,1,4,17,20,,,,,,,,,,,,,,
id1153,1,hitai,7,8,19,0,8,,,,,,,,,,,,,,,,,,
id1154,1,bitaminshii,1,8,19,0,12,8,13,18,7,8,8,,,,,,,,,,,,
id1155,1,hikkishiken,7,8,10,10,8,18,7,8,10,4,13,,,,,,,,,,,,
id1156,1,"hitto ",7,8,19,19,14,-65,,,,,,,,,,,,,,,,,
id1157,1,hitoanshin,7,8,19,14,0,13,18,7,8,13,,,,,,,,,,,,,
id1158,0,hidoimeniau,7,8,3,14,8,12,4,13,8,0,20,,,,,,,,,,,,
id1159,1,hitosashiyubi,7,8,19,14,18,0,18,7,8,24,20,1,8,,,,,,,,,,
id1160,1,hitotachi,7,8,19,14,19,0,2,7,8,,,,,,,,,,,,,,
id1161,1,hitobanjuu,7,8,19,14,1,0,13,9,20,20,,,,,,,,,,,,,
id1162,1,hitorigurashi,7,8,19,14,17,8,6,20,17,0,18,7,8,,,,,,,,,,
id1163,1,hinode,7,8,13,14,3,4,,,,,,,,,,,,,,,,,
id1164,0,byuubyuu,1,24,20,20,1,24,20,20,,,,,,,,,,,,,,,
id1165,1,hyougen,7,24,14,20,6,4,13,,,,,,,,,,,,,,,,
id1166,1,hyouji,7,24,14,20,9,8,,,,,,,,,,,,,,,,,
id1167,1,biyoushi,1,8,24,14,20,18,7,8,,,,,,,,,,,,,,,
id1168,0,byoudou,1,24,14,20,3,14,20,,,,,,,,,,,,,,,,
id1169,0,hirogaru,7,8,17,14,6,0,17,20,,,,,,,,,,,,,,,
id1170,0,hirogeru,7,8,17,14,6,4,17,20,,,,,,,,,,,,,,,
id1171,0,hiromaru,7,8,17,14,12,0,17,20,,,,,,,,,,,,,,,
id1172,0,hiromeru,7,8,17,14,12,4,17,20,,,,,,,,,,,,,,,
id1173,1,pinku,15,8,13,10,20,,,,,,,,,,,,,,,,,,
id1174,1,hinshitsu,7,8,13,18,7,8,19,18,20,,,,,,,,,,,,,,
id1175,0,buaisou,1,20,0,8,18,14,20,,,,,,,,,,,,,,,,
id1176,0,fuan,5,20,0,13,,,,,,,,,,,,,,,,,,,
id1177,1,fuu,5,20,20,,,,,,,,,,,,,,,,,,,,
id1178,1,fuukei,5,20,20,10,4,8,,,,,,,,,,,,,,,,,
id1179,1,fuufu,5,20,20,5,20,,,,,,,,,,,,,,,,,,
id1180,0,fukai,5,20,10,0,8,,,,,,,,,,,,,,,,,,
id1181,0,fukamaru,5,20,10,0,12,0,17,20,,,,,,,,,,,,,,,
id1182,1,fukami,5,20,10,0,12,8,,,,,,,,,,,,,,,,,
id1183,0,fukameru,5,20,10,0,12,4,17,20,,,,,,,,,,,,,,,
id1184,0,fuku,5,20,10,20,,,,,,,,,,,,,,,,,,,
id1185,1,fuku,5,20,10,20,,,,,,,,,,,,,,,,,,,
id1186,0,fukusou,5,20,10,20,18,14,20,,,,,,,,,,,,,,,,
id1187,0,fukumu,5,20,10,20,12,20,,,,,,,,,,,,,,,,,
id1188,0,fukumeru,5,20,10,20,12,4,17,20,,,,,,,,,,,,,,,
id1189,0,fushigi,5,20,18,7,8,6,8,,,,,,,,,,,,,,,,
id1190,1,fujisan,5,20,9,8,18,0,13,,,,,,,,,,,,,,,,
id1191,0,bujini,1,20,9,8,13,8,,,,,,,,,,,,,,,,,
id1192,0,fujiyuu,5,20,9,8,24,20,20,,,,,,,,,,,,,,,,
id1193,1,fujin,5,20,9,8,13,,,,,,,,,,,,,,,,,,
id1194,0,fushinsetsu,5,20,18,7,8,13,18,4,19,18,20,,,,,,,,,,,,
id1195,1,busoku,1,20,18,14,10,20,,,,,,,,,,,,,,,,,
id1196,1,futago,5,20,19,0,6,14,,,,,,,,,,,,,,,,,
id1197,1,butaniku,1,20,19,0,13,8,10,20,,,,,,,,,,,,,,,
id1198,0,fudan,5,20,3,0,13,,,,,,,,,,,,,,,,,,
id1199,1,fuchuui,5,20,2,7,20,20,8,,,,,,,,,,,,,,,,
id1200,1,buchou,1,20,2,7,14,20,,,,,,,,,,,,,,,,,
id1201,0,butsukeru,1,20,19,18,20,10,4,17,20,,,,,,,,,,,,,,
id1202,1,butsuri,1,20,19,18,20,17,8,,,,,,,,,,,,,,,,
id1203,1,fune,5,20,13,4,,,,,,,,,,,,,,,,,,,
id1204,1,bubun,1,20,1,20,13,,,,,,,,,,,,,,,,,,
id1205,1,buraun,1,20,17,0,20,13,,,,,,,,,,,,,,,,,
id1206,1,purasu,15,20,17,0,18,20,,,,,,,,,,,,,,,,,
id1207,1,burakku,1,20,17,0,10,10,20,,,,,,,,,,,,,,,,
id1208,0,burabura,1,20,17,0,1,20,17,0,,,,,,,,,,,,,,,
id1209,1,burando,1,20,17,0,13,3,14,,,,,,,,,,,,,,,,
id1210,1,burandomono,1,20,17,0,13,3,14,12,14,13,14,,,,,,,,,,,,
id1211,0,furikaeru,5,20,17,8,10,0,4,17,20,,,,,,,,,,,,,,
id1212,0,furimuku,5,20,17,8,12,20,10,20,,,,,,,,,,,,,,,
id1213,0,furu,5,20,17,20,,,,,,,,,,,,,,,,,,,
id1214,1,buruu,1,20,17,20,20,,,,,,,,,,,,,,,,,,
id1215,1,furuutsu,5,20,17,20,20,19,18,20,,,,,,,,,,,,,,,
id1216,1,buruuberii,1,20,17,20,20,1,4,17,8,8,,,,,,,,,,,,,
id1217,1,furusato,5,20,17,20,18,0,19,14,,,,,,,,,,,,,,,
id1218,1,furuhonya,5,20,17,20,7,14,13,24,0,,,,,,,,,,,,,,
id1219,1,bureeki,1,20,17,4,4,10,8,,,,,,,,,,,,,,,,
id1220,1,puro,15,20,17,14,,,,,,,,,,,,,,,,,,,
id1221,1,funka,5,20,13,10,0,,,,,,,,,,,,,,,,,,
id1222,1,bunkei,1,20,13,10,4,8,,,,,,,,,,,,,,,,,
id1223,1,bunkei,1,20,13,10,4,8,,,,,,,,,,,,,,,,,
id1224,1,bunshuu,1,20,13,18,7,20,20,,,,,,,,,,,,,,,,
id1225,1,bunshou,1,20,13,18,7,14,20,,,,,,,,,,,,,,,,
id1226,0,bunno,1,20,13,13,14,,,,,,,,,,,,,,,,,,
id1227,1,bunya,1,20,13,24,0,,,,,,,,,,,,,,,,,,
id1228,1,heasutairu,7,4,0,18,20,19,0,8,17,20,,,,,,,,,,,,,
id1229,1,heikin,7,4,8,10,8,13,,,,,,,,,,,,,,,,,
id1230,1,heinen,7,4,8,13,4,13,,,,,,,,,,,,,,,,,
id1231,1,heimen,7,4,8,12,4,13,,,,,,,,,,,,,,,,,
id1232,1,betsu,1,4,19,18,20,,,,,,,,,,,,,,,,,,
id1233,1,pettobotoru,15,4,19,19,14,1,14,19,14,17,20,,,,,,,,,,,,
id1234,1,heddoraito,7,4,3,3,14,17,0,8,19,14,,,,,,,,,,,,,
id1235,0,betsuni,1,4,19,18,20,13,8,,,,,,,,,,,,,,,,
id1236,0,herasu,7,4,17,0,18,20,,,,,,,,,,,,,,,,,
id1237,0,perapera,15,4,17,0,15,4,17,0,,,,,,,,,,,,,,,
id1238,1,beranda,1,4,17,0,13,3,0,,,,,,,,,,,,,,,,
id1239,1,herikoputaa,7,4,17,8,10,14,15,20,19,0,0,,,,,,,,,,,,
id1240,1,beru,1,4,17,20,,,,,,,,,,,,,,,,,,,
id1241,1,beruto,1,4,17,20,19,14,,,,,,,,,,,,,,,,,
id1242,1,henka,7,4,13,10,0,,,,,,,,,,,,,,,,,,
id1243,1,penki,15,4,13,10,8,,,,,,,,,,,,,,,,,,
id1244,1,henkou,7,4,13,10,14,20,,,,,,,,,,,,,,,,,
id1245,1,benchi,1,4,13,2,7,8,,,,,,,,,,,,,,,,,
id1246,1,henpin,7,4,13,15,8,13,,,,,,,,,,,,,,,,,
id1247,1,hou,7,14,20,,,,,,,,,,,,,,,,,,,,
id1248,1,hou,7,14,20,,,,,,,,,,,,,,,,,,,,
id1249,1,bou,1,14,20,,,,,,,,,,,,,,,,,,,,
id1250,1,hougen,7,14,20,6,4,13,,,,,,,,,,,,,,,,,
id1251,1,houshuu,7,14,20,18,7,20,20,,,,,,,,,,,,,,,,
id1252,0,hoeru,7,14,4,17,20,,,,,,,,,,,,,,,,,,
id1253,1,hoo,7,14,14,,,,,,,,,,,,,,,,,,,,
id1254,1,hoomu,7,14,14,12,20,,,,,,,,,,,,,,,,,,
id1255,0,hogaraka,7,14,6,0,17,0,10,0,,,,,,,,,,,,,,,
id1256,0,hosu,7,14,18,20,,,,,,,,,,,,,,,,,,,
id1257,0,hosonagai,7,14,18,14,13,0,6,0,8,,,,,,,,,,,,,,
id1258,1,hottodoggu,7,14,19,19,14,3,14,6,6,20,,,,,,,,,,,,,
id1259,1,bodi,1,14,3,8,,,,,,,,,,,,,,,,,,,
id1260,1,bodirangeeji,1,14,3,8,17,0,13,6,4,4,9,8,,,,,,,,,,,
id1261,0,homeru,7,14,12,4,17,20,,,,,,,,,,,,,,,,,
id1262,1,howaito,7,14,22,0,8,19,14,,,,,,,,,,,,,,,,
id1263,0,hontouha,7,14,13,19,14,20,7,0,,,,,,,,,,,,,,,
id1264,1,honnin,7,14,13,13,8,13,,,,,,,,,,,,,,,,,
id1265,0,honno,7,14,13,13,14,,,,,,,,,,,,,,,,,,
id1266,1,honbun,7,14,13,1,20,13,,,,,,,,,,,,,,,,,
id1267,0,ponpon,15,14,13,15,14,13,,,,,,,,,,,,,,,,,
id1268,1,honmono,7,14,13,12,14,13,14,,,,,,,,,,,,,,,,
id1269,1,honrai,7,14,13,17,0,8,,,,,,,,,,,,,,,,,
id1270,0,maamaa,12,0,0,12,0,0,,,,,,,,,,,,,,,,,
id1271,1,mainasu,12,0,8,13,0,18,20,,,,,,,,,,,,,,,,
id1272,0,maemotte,12,0,4,12,14,19,19,4,,,,,,,,,,,,,,,
id1273,0,makaseru,12,0,10,0,18,4,17,20,,,,,,,,,,,,,,,
id1274,0,masaka,12,0,18,0,10,0,,,,,,,,,,,,,,,,,
id1275,0,masani,12,0,18,0,13,8,,,,,,,,,,,,,,,,,
id1276,0,mashi,12,0,18,7,8,,,,,,,,,,,,,,,,,,
id1277,0,masumasu,12,0,18,20,12,0,18,20,,,,,,,,,,,,,,,
id1278,0,mata,12,0,19,0,,,,,,,,,,,,,,,,,,,
id1279,1,machi,12,0,2,7,8,,,,,,,,,,,,,,,,,,
id1280,1,machiawase,12,0,2,7,8,0,22,0,18,4,,,,,,,,,,,,,
id1281,0,machigau,12,0,2,7,8,6,0,20,,,,,,,,,,,,,,,
id1282,1,machijuu,12,0,2,7,8,9,20,20,,,,,,,,,,,,,,,
id1283,0,makka,12,0,10,10,0,,,,,,,,,,,,,,,,,,
id1284,0,makkuro,12,0,10,10,20,17,14,,,,,,,,,,,,,,,,
id1285,1,massaaji,12,0,18,18,0,0,9,8,,,,,,,,,,,,,,,
id1286,0,massao,12,0,18,18,0,14,,,,,,,,,,,,,,,,,
id1287,0,masshiro,12,0,18,18,7,8,17,14,,,,,,,,,,,,,,,
id1288,0,mattaku,12,0,19,19,0,10,20,,,,,,,,,,,,,,,,
id1289,0,mattaku,12,0,19,19,0,10,20,,,,,,,,,,,,,,,,
id1290,1,manaa,12,0,13,0,0,,,,,,,,,,,,,,,,,,
id1291,1,manatsu,12,0,13,0,19,18,20,,,,,,,,,,,,,,,,
id1292,0,manabu,12,0,13,0,1,20,,,,,,,,,,,,,,,,,
id1293,0,mayou,12,0,24,14,20,,,,,,,,,,,,,,,,,,
id1294,0,maru,12,0,17,20,,,,,,,,,,,,,,,,,,,
id1295,0,marui,12,0,17,20,8,,,,,,,,,,,,,,,,,,
id1296,0,marude,12,0,17,20,3,4,,,,,,,,,,,,,,,,,
id1297,1,marumi,12,0,17,20,12,8,,,,,,,,,,,,,,,,,
id1298,1,man'in,12,0,13,-58,8,13,,,,,,,,,,,,,,,,,
id1299,1,manga,12,0,13,6,0,,,,,,,,,,,,,,,,,,
id1300,1,manzai,12,0,13,25,0,8,,,,,,,,,,,,,,,,,
id1301,1,manshitsu,12,0,13,18,7,8,19,18,20,,,,,,,,,,,,,,
id1302,1,mansha,12,0,13,18,7,0,,,,,,,,,,,,,,,,,
id1303,1,manzoku,12,0,13,25,14,10,20,,,,,,,,,,,,,,,,
id1304,1,manzokukan,12,0,13,25,14,10,20,10,0,13,,,,,,,,,,,,,
id1305,0,mi,12,8,,,,,,,,,,,,,,,,,,,,,
id1306,0,mikakeru,12,8,10,0,10,4,17,20,,,,,,,,,,,,,,,
id1307,1,misu,12,8,18,20,,,,,,,,,,,,,,,,,,,
id1308,0,mizuumi,12,8,25,20,20,12,8,,,,,,,,,,,,,,,,
id1309,1,mizugi,12,8,25,20,6,8,,,,,,,,,,,,,,,,,
id1310,0,mizuppoi,12,8,25,20,15,15,14,8,,,,,,,,,,,,,,,
id1311,1,misoshiru,12,8,18,14,18,7,8,17,20,,,,,,,,,,,,,,
id1312,0,mitai,12,8,19,0,8,,,,,,,,,,,,,,,,,,
id1313,0,michibiku,12,8,2,7,8,1,8,10,20,,,,,,,,,,,,,,
id1314,0,mitsumeau,12,8,19,18,20,12,4,0,20,,,,,,,,,,,,,,
id1315,0,mitomeru,12,8,19,14,12,4,17,20,,,,,,,,,,,,,,,
id1316,1,midori,12,8,3,14,17,8,,,,,,,,,,,,,,,,,
id1317,0,minitsuku,12,8,13,8,19,18,20,10,20,,,,,,,,,,,,,,
id1318,0,minitsukeru,12,8,13,8,19,18,20,10,4,17,20,,,,,,,,,,,,
id1319,1,myuujishan,12,24,20,20,9,8,18,7,0,13,,,,,,,,,,,,,
id1320,0,muki,12,20,10,8,,,,,,,,,,,,,,,,,,,
id1321,0,muku,12,20,10,20,,,,,,,,,,,,,,,,,,,
id1322,0,mukeru,12,20,10,4,17,20,,,,,,,,,,,,,,,,,
id1323,1,mushi,12,20,18,7,8,,,,,,,,,,,,,,,,,,
id1324,0,mushiro,12,20,18,7,8,17,14,,,,,,,,,,,,,,,,
id1325,0,musu,12,20,18,20,,,,,,,,,,,,,,,,,,,
id1326,0,musubitsukeru,12,20,18,20,1,8,19,18,20,10,4,17,20,,,,,,,,,,
id1327,1,muchuu,12,20,2,7,20,20,,,,,,,,,,,,,,,,,
id1328,1,mumei,12,20,12,4,8,,,,,,,,,,,,,,,,,,
id1329,1,murajuu,12,20,17,0,9,20,20,,,,,,,,,,,,,,,,
id1330,0,murini,12,20,17,8,13,8,,,,,,,,,,,,,,,,,
id1331,0,me,12,4,,,,,,,,,,,,,,,,,,,,,
id1332,1,meigen,12,4,8,6,4,13,,,,,,,,,,,,,,,,,
id1333,1,meiwaku,12,4,8,22,0,10,20,,,,,,,,,,,,,,,,
id1334,0,meiwakusuru,12,4,8,22,0,10,20,18,20,17,20,,,,,,,,,,,,
id1335,1,meekaa,12,4,4,10,0,0,,,,,,,,,,,,,,,,,
id1336,1,meeru,12,4,4,17,20,,,,,,,,,,,,,,,,,,
id1337,0,meganai,12,4,6,0,13,0,8,,,,,,,,,,,,,,,,
id1338,0,mezasu,12,4,25,0,18,20,,,,,,,,,,,,,,,,,
id1339,1,mejaariigu,12,4,9,0,0,17,8,8,6,20,,,,,,,,,,,,,
id1340,1,messeeji,12,4,18,18,4,4,9,8,,,,,,,,,,,,,,,
id1341,0,meniau,12,4,13,8,0,20,,,,,,,,,,,,,,,,,
id1342,0,meru,12,4,17,20,,,,,,,,,,,,,,,,,,,
id1343,1,men'ekiryoku,12,4,13,-58,4,10,8,17,24,14,10,20,,,,,,,,,,,
id1344,1,menkyo,12,4,13,10,24,14,,,,,,,,,,,,,,,,,
id1345,1,mensetsu,12,4,13,18,4,19,18,20,,,,,,,,,,,,,,,
id1346,1,mensetsushiken,12,4,13,18,4,19,18,20,18,7,8,10,4,13,,,,,,,,,
id1347,1,mokutekichi,12,14,10,20,19,4,10,8,2,7,8,,,,,,,,,,,,
id1348,1,mokuhyou,12,14,10,20,7,24,14,20,,,,,,,,,,,,,,,
id1349,1,moji,12,14,9,8,,,,,,,,,,,,,,,,,,,
id1350,0,mojidoori,12,14,9,8,3,14,14,17,8,,,,,,,,,,,,,,
id1351,0,moshimo,12,14,18,7,8,12,14,,,,,,,,,,,,,,,,
id1352,1,moshimonokoto,12,14,18,7,8,12,14,13,14,10,14,19,14,,,,,,,,,,
id1353,1,mochi,12,14,2,7,8,,,,,,,,,,,,,,,,,,
id1354,0,mottainai,12,14,19,19,0,8,13,0,8,,,,,,,,,,,,,,
id1355,0,mottomo,12,14,19,19,14,12,14,,,,,,,,,,,,,,,,
id1356,1,moderu,12,14,3,4,17,20,,,,,,,,,,,,,,,,,
id1357,0,motomeru,12,14,19,14,12,4,17,20,,,,,,,,,,,,,,,
id1358,0,motomoto,12,14,19,14,12,14,19,14,,,,,,,,,,,,,,,
id1359,0,mono,12,14,13,14,,,,,,,,,,,,,,,,,,,
id1360,1,monogatari,12,14,13,14,6,0,19,0,17,8,,,,,,,,,,,,,
id1361,1,monozukuri,12,14,13,14,25,20,10,20,17,8,,,,,,,,,,,,,
id1362,1,momoiro,12,14,12,14,8,17,14,,,,,,,,,,,,,,,,
id1363,0,moyasu,12,14,24,0,18,20,,,,,,,,,,,,,,,,,
id1364,0,moritsukeru,12,14,17,8,19,18,20,10,4,17,20,,,,,,,,,,,,
id1365,0,moru,12,14,17,20,,,,,,,,,,,,,,,,,,,
id1366,1,monku,12,14,13,10,20,,,,,,,,,,,,,,,,,,
id1367,1,yakiniku,24,0,10,8,13,8,10,20,,,,,,,,,,,,,,,
id1368,1,yakyuujou,24,0,10,24,20,20,9,14,20,,,,,,,,,,,,,,
id1369,0,yaku,24,0,10,20,,,,,,,,,,,,,,,,,,,
id1370,1,yakusha,24,0,10,20,18,7,0,,,,,,,,,,,,,,,,
id1371,1,yakuwari,24,0,10,20,22,0,17,8,,,,,,,,,,,,,,,
id1372,0,yasuppoi,24,0,18,20,15,15,14,8,,,,,,,,,,,,,,,
id1373,1,yatai,24,0,19,0,8,,,,,,,,,,,,,,,,,,
id1374,0,yappari,24,0,15,15,0,17,8,,,,,,,,,,,,,,,,
id1375,1,yatou,24,0,19,14,20,,,,,,,,,,,,,,,,,,
id1376,0,yahari,24,0,7,0,17,8,,,,,,,,,,,,,,,,,
id1377,0,yaburu,24,0,1,20,17,20,,,,,,,,,,,,,,,,,
id1378,1,yamai,24,0,12,0,8,,,,,,,,,,,,,,,,,,
id1379,0,yamaihakikara,24,0,12,0,8,7,0,10,8,10,0,17,0,,,,,,,,,,
id1380,1,yamakaji,24,0,12,0,10,0,9,8,,,,,,,,,,,,,,,
id1381,1,yamagoya,24,0,12,0,6,14,24,0,,,,,,,,,,,,,,,
id1382,0,yaya,24,0,24,0,,,,,,,,,,,,,,,,,,,
id1383,1,yaruki,24,0,17,20,10,8,,,,,,,,,,,,,,,,,
id1384,1,yuuki,24,20,20,10,8,,,,,,,,,,,,,,,,,,
id1385,1,yuujou,24,20,20,9,14,20,,,,,,,,,,,,,,,,,
id1386,1,yuujin,24,20,20,9,8,13,,,,,,,,,,,,,,,,,
id1387,1,yukiguni,24,20,10,8,6,20,13,8,,,,,,,,,,,,,,,
id1388,0,yuzuru,24,20,25,20,17,20,,,,,,,,,,,,,,,,,
id1389,0,yutaka,24,20,19,0,10,0,,,,,,,,,,,,,,,,,
id1390,1,yudan,24,20,3,0,13,,,,,,,,,,,,,,,,,,
id1391,0,yuderu,24,20,3,4,17,20,,,,,,,,,,,,,,,,,
id1392,1,yutori,24,20,19,14,17,8,,,,,,,,,,,,,,,,,
id1393,1,yubi,24,20,1,8,,,,,,,,,,,,,,,,,,,
id1394,1,yubisaki,24,20,1,8,18,0,10,8,,,,,,,,,,,,,,,
id1395,0,yurusu,24,20,17,20,18,20,,,,,,,,,,,,,,,,,
id1396,0,yureru,24,20,17,4,17,20,,,,,,,,,,,,,,,,,
id1397,1,yoake,24,14,0,10,4,,,,,,,,,,,,,,,,,,
id1398,0,youki,24,14,20,10,8,,,,,,,,,,,,,,,,,,
id1399,1,yougo,24,14,20,6,14,,,,,,,,,,,,,,,,,,
id1400,1,youshi,24,14,20,18,7,8,,,,,,,,,,,,,,,,,
id1401,1,youso,24,14,20,18,14,,,,,,,,,,,,,,,,,,
id1402,1,youchien,24,14,20,2,7,8,4,13,,,,,,,,,,,,,,,
id1403,1,yourei,24,14,20,17,4,8,,,,,,,,,,,,,,,,,
id1404,1,yokan,24,14,10,0,13,,,,,,,,,,,,,,,,,,
id1405,0,yoku,24,14,10,20,,,,,,,,,,,,,,,,,,,
id1406,1,yogen,24,14,6,4,13,,,,,,,,,,,,,,,,,,
id1407,1,yokoku,24,14,10,14,10,20,,,,,,,,,,,,,,,,,
id1408,0,yokoninaru,24,14,10,14,13,8,13,0,17,20,,,,,,,,,,,,,
id1409,0,yoshi,24,14,18,7,8,,,,,,,,,,,,,,,,,,
id1410,1,yosen,24,14,18,4,13,,,,,,,,,,,,,,,,,,
id1411,1,yosou,24,14,18,14,20,,,,,,,,,,,,,,,,,,
id1412,1,yosoku,24,14,18,14,10,20,,,,,,,,,,,,,,,,,
id1413,1,yochi,24,14,2,7,8,,,,,,,,,,,,,,,,,,
id1414,1,yotto,24,14,19,19,14,,,,,,,,,,,,,,,,,,
id1415,0,yopparau,24,14,15,15,0,17,0,20,,,,,,,,,,,,,,,
id1416,1,yotou,24,14,19,14,20,,,,,,,,,,,,,,,,,,
id1417,1,yonaka,24,14,13,0,10,0,,,,,,,,,,,,,,,,,
id1418,1,yononaka,24,14,13,14,13,0,10,0,,,,,,,,,,,,,,,
id1419,1,yobi,24,14,1,8,,,,,,,,,,,,,,,,,,,
id1420,1,yobikou,24,14,1,8,10,14,20,,,,,,,,,,,,,,,,
id1421,0,yobu,24,14,1,20,,,,,,,,,,,,,,,,,,,
id1422,1,yobou,24,14,1,14,20,,,,,,,,,,,,,,,,,,
id1423,0,yori,24,14,17,8,,,,,,,,,,,,,,,,,,,
id1424,0,yorokobu,24,14,17,14,10,14,1,20,,,,,,,,,,,,,,,
id1425,0,"yowamaru ",24,14,22,0,12,0,17,20,-65,,,,,,,,,,,,,,
id1426,1,yowami,24,14,22,0,12,8,,,,,,,,,,,,,,,,,
id1427,0,yowameru,24,14,22,0,12,4,17,20,,,,,,,,,,,,,,,
id1428,0,ra,17,0,,,,,,,,,,,,,,,,,,,,,
id1429,1,raamen,17,0,0,12,4,13,,,,,,,,,,,,,,,,,
id1430,1,raion,17,0,8,14,13,,,,,,,,,,,,,,,,,,
id1431,1,raibaru,17,0,8,1,0,17,20,,,,,,,,,,,,,,,,
id1432,1,rakugo,17,0,10,20,6,14,,,,,,,,,,,,,,,,,
id1433,1,rakuseki,17,0,10,20,18,4,10,8,,,,,,,,,,,,,,,
id1434,1,ragubii,17,0,6,20,1,8,8,,,,,,,,,,,,,,,,
id1435,0,rakkanteki,17,0,10,10,0,13,19,4,10,8,,,,,,,,,,,,,
id1436,1,raberu,17,0,1,4,17,20,,,,,,,,,,,,,,,,,
id1437,1,ranku,17,0,13,10,20,,,,,,,,,,,,,,,,,,
id1438,1,riidaa,17,8,8,3,0,0,,,,,,,,,,,,,,,,,
id1439,1,rika,17,8,10,0,,,,,,,,,,,,,,,,,,,
id1440,1,rikai,17,8,10,0,8,,,,,,,,,,,,,,,,,,
id1441,1,rikei,17,8,10,4,8,,,,,,,,,,,,,,,,,,
id1442,0,ritsu,17,8,19,18,20,,,,,,,,,,,,,,,,,,
id1443,0,rittaiteki,17,8,19,19,0,8,19,4,10,8,,,,,,,,,,,,,
id1444,0,rippa,17,8,15,15,0,,,,,,,,,,,,,,,,,,
id1445,1,ryuukou,17,24,20,20,10,14,20,,,,,,,,,,,,,,,,
id1446,1,ryukkusakku,17,24,20,10,10,20,18,0,10,10,20,,,,,,,,,,,,
id1447,0,ryou,17,24,14,20,,,,,,,,,,,,,,,,,,,
id1448,1,ryougawa,17,24,14,20,6,0,22,0,,,,,,,,,,,,,,,
id1449,1,ryoukin,17,24,14,20,10,8,13,,,,,,,,,,,,,,,,
id1450,1,ringyou,17,8,13,6,24,14,20,,,,,,,,,,,,,,,,
id1451,1,rei,17,4,8,,,,,,,,,,,,,,,,,,,,
id1452,0,reiten~,17,4,8,19,4,13,29,,,,,,,,,,,,,,,,
id1453,1,reitou,17,4,8,19,14,20,,,,,,,,,,,,,,,,,
id1454,1,reshiito,17,4,18,7,8,8,19,14,,,,,,,,,,,,,,,
id1455,1,retsu,17,4,19,18,20,,,,,,,,,,,,,,,,,,
id1456,1,reddo,17,4,3,3,14,,,,,,,,,,,,,,,,,,
id1457,1,rettou,17,4,19,19,14,20,,,,,,,,,,,,,,,,,
id1458,1,reberu,17,4,1,4,17,20,,,,,,,,,,,,,,,,,
id1459,1,repooto,17,4,15,14,14,19,14,,,,,,,,,,,,,,,,
id1460,0,ren'ai,17,4,13,-58,0,8,,,,,,,,,,,,,,,,,
id1461,0,rensou,17,4,13,18,14,20,,,,,,,,,,,,,,,,,
id1462,1,rentaruryou,17,4,13,19,0,17,20,17,24,14,20,,,,,,,,,,,,
id1463,1,rougo,17,14,20,6,14,,,,,,,,,,,,,,,,,,
id1464,1,rousoku,17,14,20,18,14,10,20,,,,,,,,,,,,,,,,
id1465,1,rouba,17,14,20,1,0,,,,,,,,,,,,,,,,,,
id1466,1,roopu,17,14,14,15,20,,,,,,,,,,,,,,,,,,
id1467,1,robotto,17,14,1,14,19,19,14,,,,,,,,,,,,,,,,
id1468,0,wa,22,0,,,,,,,,,,,,,,,,,,,,,
id1469,1,wagasha,22,0,6,0,18,7,0,,,,,,,,,,,,,,,,
id1470,0,wagamama,22,0,6,0,12,0,12,0,,,,,,,,,,,,,,,
id1471,1,wakamono,22,0,10,0,12,14,13,14,,,,,,,,,,,,,,,
id1472,0,wakareru,22,0,10,0,17,4,17,20,,,,,,,,,,,,,,,
id1473,0,wakuwaku,22,0,10,20,22,0,10,20,,,,,,,,,,,,,,,
id1474,1,wago,22,0,6,14,,,,,,,,,,,,,,,,,,,
id1475,0,wazawaza,22,0,25,0,22,0,25,0,,,,,,,,,,,,,,,
id1476,0,wasureppoi,22,0,18,20,17,4,15,15,14,8,,,,,,,,,,,,,
id1477,1,wadai,22,0,3,0,8,,,,,,,,,,,,,,,,,,
id1478,1,warai,22,0,17,0,8,,,,,,,,,,,,,,,,,,
id1479,0,waraukadonihafukukitaru,22,0,17,0,20,10,0,3,14,13,8,7,0,5,20,10,20,10,8,19,0,17,20
id1480,0,wari,22,0,17,8,,,,,,,,,,,,,,,,,,,
id1481,1,wariai,22,0,17,8,0,8,,,,,,,,,,,,,,,,,
id1482,0,warikomu,22,0,17,8,10,14,12,20,,,,,,,,,,,,,,,
id1483,0,waru,22,0,17,20,,,,,,,,,,,,,,,,,,,
id1484,0,waru,22,0,17,20,,,,,,,,,,,,,,,,,,,