Id,1th,2th,3th,4th,5th,6th,7th,8th,9th,10th,11th,12th,13th,14th,15th,16th,17th,18th,19th,20th,21th,22th,23th,Ans
1,0,8,4,13,10,0,,,,,,,,,,,,,,,,,,1
2,0,8,18,7,8,0,20,,,,,,,,,,,,,,,,,0
3,0,8,25,20,,,,,,,,,,,,,,,,,,,,1
4,0,8,18,20,18,20,10,4,4,19,14,,,,,,,,,,,,,1
5,0,8,18,20,7,14,10,10,4,4,,,,,,,,,,,,,,1
6,0,8,3,0,,,,,,,,,,,,,,,,,,,,1
7,0,8,19,18,20,,,,,,,,,,,,,,,,,,,1
8,0,8,3,8,0,,,,,,,,,,,,,,,,,,,1
9,0,20,,,,,,,,,,,,,,,,,,,,,,0
10,0,14,25,14,17,0,,,,,,,,,,,,,,,,,,1
11,0,10,0,15,15,14,8,,,,,,,,,,,,,,,,,0
12,0,10,8,15,15,14,8,,,,,,,,,,,,,,,,,0
13,0,10,8,17,20,,,,,,,,,,,,,,,,,,,0
14,0,10,20,18,7,20,,,,,,,,,,,,,,,,,,1
15,0,10,20,18,4,17,20,,,,,,,,,,,,,,,,,1
16,0,10,4,17,20,,,,,,,,,,,,,,,,,,,0
17,0,6,14,,,,,,,,,,,,,,,,,,,,,1
18,0,10,14,6,0,17,4,17,20,,,,,,,,,,,,,,,0
19,0,18,7,8,,,,,,,,,,,,,,,,,,,,1
20,0,18,7,8,10,20,1,8,,,,,,,,,,,,,,,,1
21,0,9,8,18,0,8,,,,,,,,,,,,,,,,,,1
22,0,9,8,19,18,20,10,4,,,,,,,,,,,,,,,,1
23,0,9,8,22,0,20,,,,,,,,,,,,,,,,,,0
24,0,18,20,,,,,,,,,,,,,,,,,,,,,1
25,0,25,20,10,4,17,20,,,,,,,,,,,,,,,,,0
26,0,18,14,1,8,,,,,,,,,,,,,,,,,,,1
27,0,19,0,4,17,20,,,,,,,,,,,,,,,,,,0
28,0,19,0,17,8,12,0,4,,,,,,,,,,,,,,,,1
29,0,19,0,17,20,,,,,,,,,,,,,,,,,,,0
30,0,19,0,17,20,,,,,,,,,,,,,,,,,,,0
31,0,19,18,20,10,0,8,,,,,,,,,,,,,,,,,1
32,0,19,18,20,10,0,20,,,,,,,,,,,,,,,,,0
33,0,18,18,0,17,8,,,,,,,,,,,,,,,,,,0
34,0,19,19,14,8,20,12,0,13,8,,,,,,,,,,,,,,0
35,0,19,18,20,12,8,,,,,,,,,,,,,,,,,,1
36,0,19,4,17,20,,,,,,,,,,,,,,,,,,,0
37,0,3,14,1,0,8,18,20,,,,,,,,,,,,,,,,1
38,0,13,0,,,,,,,,,,,,,,,,,,,,,1
39,0,13,0,20,13,18,20,,,,,,,,,,,,,,,,,1
40,0,1,20,17,0,,,,,,,,,,,,,,,,,,,1
41,0,1,20,17,0,15,15,14,8,,,,,,,,,,,,,,,0
42,0,12,0,8,,,,,,,,,,,,,,,,,,,,0
43,0,12,0,6,20,,,,,,,,,,,,,,,,,,,1
44,0,12,0,2,7,20,0,,,,,,,,,,,,,,,,,1
45,0,12,0,12,8,,,,,,,,,,,,,,,,,,,1
46,0,12,4,17,8,10,0,13,5,20,19,19,14,1,14,14,17,20,,,,,,1
47,0,24,0,18,7,8,8,,,,,,,,,,,,,,,,,0
48,0,17,0,19,0,12,4,19,4,,,,,,,,,,,,,,,0
49,0,17,0,22,0,18,20,,,,,,,,,,,,,,,,,0
50,0,17,0,22,0,17,4,17,20,,,,,,,,,,,,,,,0
51,0,17,8,,,,,,,,,,,,,,,,,,,,,1
52,0,17,8,6,0,19,0,8,,,,,,,,,,,,,,,,0
53,0,17,20,19,4,8,3,14,,,,,,,,,,,,,,,,0
54,0,22,0,18,4,17,20,,,,,,,,,,,,,,,,,0
55,0,13,6,0,8,,,,,,,,,,,,,,,,,,,0
56,0,13,10,4,4,19,14,,,,,,,,,,,,,,,,,1
57,0,13,13,14,9,14,20,,,,,,,,,,,,,,,,,0
58,8,8,0,20,,,,,,,,,,,,,,,,,,,,0
59,8,8,10,0,6,4,13,13,8,,,,,,,,,,,,,,,0
60,8,8,12,0,2,7,8,6,0,8,,,,,,,,,,,,,,1
61,8,4,9,20,20,,,,,,,,,,,,,,,,,,,1
62,8,4,17,14,14,,,,,,,,,,,,,,,,,,,1
63,8,6,0,8,,,,,,,,,,,,,,,,,,,,0
64,8,6,0,8,,,,,,,,,,,,,,,,,,,,0
65,8,6,0,8,13,8,12,14,,,,,,,,,,,,,,,,0
66,8,10,0,6,0,,,,,,,,,,,,,,,,,,,0
67,8,10,0,13,8,12,14,,,,,,,,,,,,,,,,,0
68,8,10,8,17,20,,,,,,,,,,,,,,,,,,,0
69,8,10,20,,,,,,,,,,,,,,,,,,,,,0
70,8,10,20,,,,,,,,,,,,,,,,,,,,,0
71,8,25,0,10,0,24,0,,,,,,,,,,,,,,,,,1
72,8,18,7,8,10,8,,,,,,,,,,,,,,,,,,1
73,8,9,14,20,,,,,,,,,,,,,,,,,,,,0
74,8,25,4,13,-65,,,,,,,,,,,,,,,,,,,0
75,8,19,0,,,,,,,,,,,,,,,,,,,,,1
76,8,19,0,12,8,,,,,,,,,,,,,,,,,,,1
77,8,19,0,12,4,17,20,,,,,,,,,,,,,,,,,0
78,8,2,7,8,8,13,,,,,,,,,,,,,,,,,,1
79,8,2,7,8,1,20,,,,,,,,,,,,,,,,,,1
80,8,18,18,7,14,20,,,,,,,,,,,,,,,,,,1
81,8,18,18,14,20,,,,,,,,,,,,,,,,,,,0
82,8,15,15,0,8,,,,,,,,,,,,,,,,,,,1
83,8,15,15,0,13,,,,,,,,,,,,,,,,,,,1
84,8,15,15,0,13,19,4,10,8,,,,,,,,,,,,,,,0
85,8,15,15,20,10,20,,,,,,,,,,,,,,,,,,1
86,8,15,15,14,20,,,,,,,,,,,,,,,,,,,0
87,8,15,15,14,20,,,,,,,,,,,,,,,,,,,1
88,8,19,14,10,14,,,,,,,,,,,,,,,,,,,1
89,8,12,0,,,,,,,,,,,,,,,,,,,,,1
90,8,12,0,3,4,7,0,,,,,,,,,,,,,,,,,0
91,8,12,0,3,4,12,14,,,,,,,,,,,,,,,,,0
92,8,12,0,12,0,3,4,,,,,,,,,,,,,,,,,0
93,8,12,4,4,9,8,,,,,,,,,,,,,,,,,,1
94,8,17,0,8,17,0,,,,,,,,,,,,,,,,,,0
95,8,17,24,14,20,,,,,,,,,,,,,,,,,,,1
96,8,22,0,1,0,,,,,,,,,,,,,,,,,,,0
97,8,22,0,24,20,17,20,,,,,,,,,,,,,,,,,0
98,8,13,18,7,20,20,13,19,4,13,,,,,,,,,,,,,,1
99,8,13,19,0,1,24,20,20,,,,,,,,,,,,,,,,1
100,20,8,18,20,10,8,8,,,,,,,,,,,,,,,,,1
101,20,8,17,20,18,20,,,,,,,,,,,,,,,,,,1
102,20,8,13,10,20,,,,,,,,,,,,,,,,,,,1
103,20,8,13,3,14,14,18,7,14,15,15,8,13,6,20,,,,,,,,,1
104,20,20,17,20,,,,,,,,,,,,,,,,,,,,1
105,20,10,0,1,20,,,,,,,,,,,,,,,,,,,0
106,20,10,8,0,6,0,17,20,,,,,,,,,,,,,,,,0
107,20,18,7,8,,,,,,,,,,,,,,,,,,,,1
108,20,18,7,8,17,14,18,20,6,0,19,0,,,,,,,,,,,,1
109,20,18,20,6,20,17,0,8,,,,,,,,,,,,,,,,0
110,20,2,7,8,,,,,,,,,,,,,,,,,,,,1
111,20,10,10,0,17,8,,,,,,,,,,,,,,,,,,0
112,20,19,18,20,10,20,18,7,8,8,,,,,,,,,,,,,,0
113,20,3,4,,,,,,,,,,,,,,,,,,,,,1
114,20,19,14,20,19,14,,,,,,,,,,,,,,,,,,0
115,20,13,0,25,20,10,20,,,,,,,,,,,,,,,,,0
116,20,12,0,10,20,,,,,,,,,,,,,,,,,,,0
117,20,12,0,12,8,,,,,,,,,,,,,,,,,,,1
118,20,12,4,17,20,,,,,,,,,,,,,,,,,,,0
119,20,17,0,6,0,0,17,20,,,,,,,,,,,,,,,,0
120,20,17,0,6,8,17,20,,,,,,,,,,,,,,,,,0
121,20,17,0,13,0,8,,,,,,,,,,,,,,,,,,1
122,20,17,0,13,0,8,18,7,8,,,,,,,,,,,,,,,1
123,20,17,0,13,0,20,,,,,,,,,,,,,,,,,,0
124,20,17,8,0,6,4,,,,,,,,,,,,,,,,,,1
125,20,17,24,14,20,,,,,,,,,,,,,,,,,,,1
126,20,13,,,,,,,,,,,,,,,,,,,,,,1
127,20,13,2,7,8,13,,,,,,,,,,,,,,,,,,1
128,20,13,19,4,13,18,7,20,,,,,,,,,,,,,,,,1
129,4,8,10,24,14,20,,,,,,,,,,,,,,,,,,1
130,4,8,18,4,8,7,14,20,18,14,20,,,,,,,,,,,,,1
131,4,8,24,14,20,,,,,,,,,,,,,,,,,,,1
132,4,6,0,14,,,,,,,,,,,,,,,,,,,,1
133,4,18,20,4,5,20,4,8,6,0,,,,,,,,,,,,,,1
134,4,18,20,13,8,10,10,20,17,24,14,20,17,8,,,,,,,,,,1
135,4,13,20,10,4,8,18,0,8,1,14,20,,,,,,,,,,,,1
136,4,17,8,8,19,14,,,,,,,,,,,,,,,,,,1
137,4,17,20,,,,,,,,,,,,,,,,,,,,,0
138,4,13,,,,,,,,,,,,,,,,,,,,,,1
139,4,13,6,8,,,,,,,,,,,,,,,,,,,,1
140,4,13,6,4,8,,,,,,,,,,,,,,,,,,,1
141,4,13,9,8,,,,,,,,,,,,,,,,,,,,1
142,4,13,18,20,19,14,,,,,,,,,,,,,,,,,,1
143,4,13,18,14,20,,,,,,,,,,,,,,,,,,,1
144,4,13,3,0,12,0,-65,,,,,,,,,,,,,,,,,1
145,14,20,4,13,,,,,,,,,,,,,,,,,,,,1
146,14,20,9,8,17,20,,,,,,,,,,,,,,,,,,1
147,14,14,0,12,4,,,,,,,,,,,,,,,,,,,1
148,14,14,10,0,19,0,,,,,,,,,,,,,,,,,,1
149,14,14,18,0,10,0,9,14,20,,,,,,,,,,,,,,,1
150,14,14,1,0,0,,,,,,,,,,,,,,,,,,,1
151,14,14,1,0,0,,,,,,,,,,,,,,,,,,,1
152,14,14,1,0,10,0,,,,,,,,,,,,,,,,,,1
153,14,14,12,20,10,0,18,7,8,,,,,,,,,,,,,,,1
154,14,14,24,0,-57,18,0,13,-56,,,,,,,,,,,,,,,1
155,14,14,24,20,10,8,,,,,,,,,,,,,,,,,,1
156,14,10,0,13,4,12,14,2,7,8,,,,,,,,,,,,,,1
157,14,10,0,22,0,17,8,,,,,,,,,,,,,,,,,1
158,14,10,14,17,8,15,15,14,8,,,,,,,,,,,,,,,0
159,14,10,14,17,20,,,,,,,,,,,,,,,,,,,0
160,14,10,14,17,20,,,,,,,,,,,,,,,,,,,0
161,14,6,14,17,20,,,,,,,,,,,,,,,,,,,0
162,14,9,8,6,8,,,,,,,,,,,,,,,,,,,1
163,14,9,0,12,0,18,7,8,12,0,18,20,,,,,,,,,,,,0
164,14,18,14,20,25,0,8,,,,,,,,,,,,,,,,,1
165,14,18,14,17,4,8,17,20,,,,,,,,,,,,,,,,0
166,14,18,14,22,0,17,20,,,,,,,,,,,,,,,,,0
167,14,19,0,6,0,8,,,,,,,,,,,,,,,,,,0
168,14,19,0,6,0,8,18,0,12,0,,,,,,,,,,,,,,1
169,14,2,7,8,19,18,20,10,20,,,,,,,,,,,,,,,0
170,14,3,4,10,14,,,,,,,,,,,,,,,,,,,1
171,14,19,14,18,7,8,24,14,17,8,,,,,,,,,,,,,,1
172,14,19,14,25,20,17,4,17,20,,,,,,,,,,,,,,,0
173,14,19,14,13,0,,,,,,,,,,,,,,,,,,,1
174,14,19,14,13,0,18,7,8,8,,,,,,,,,,,,,,,0
175,14,19,14,13,0,15,15,14,8,,,,,,,,,,,,,,,0
176,14,3,14,17,14,10,20,,,,,,,,,,,,,,,,,0
177,14,13,8,,,,,,,,,,,,,,,,,,,,,1
178,14,13,8,0,8,,,,,,,,,,,,,,,,,,,1
179,14,13,8,6,8,17,8,,,,,,,,,,,,,,,,,1
180,14,13,8,6,14,10,10,14,,,,,,,,,,,,,,,,1
181,14,1,8,17,20,,,,,,,,,,,,,,,,,,,0
182,14,5,8,18,20,,,,,,,,,,,,,,,,,,,1
183,14,1,14,13,,,,,,,,,,,,,,,,,,,,1
184,14,12,14,8,10,8,17,8,,,,,,,,,,,,,,,,0
185,14,12,14,8,19,18,20,10,20,,,,,,,,,,,,,,,0
186,14,12,14,12,8,,,,,,,,,,,,,,,,,,,1
187,14,12,14,22,0,25,20,,,,,,,,,,,,,,,,,0
188,14,24,0,10,14,,,,,,,,,,,,,,,,,,,1
189,14,24,0,19,18,20,,,,,,,,,,,,,,,,,,1
190,14,24,0,24,20,1,8,,,,,,,,,,,,,,,,,1
191,14,17,8,13,15,8,10,10,20,,,,,,,,,,,,,,,1
192,14,17,4,8,,,,,,,,,,,,,,,,,,,,1
193,14,17,4,13,9,8,,,,,,,,,,,,,,,,,,1
194,14,22,0,17,20,,,,,,,,,,,,,,,,,,,1
195,14,13,18,7,8,19,18,20,,,,,,,,,,,,,,,,1
196,14,13,3,0,13,10,0,,,,,,,,,,,,,,,,,1
197,14,13,3,14,,,,,,,,,,,,,,,,,,,,1
198,10,0,8,10,4,19,18,20,,,,,,,,,,,,,,,,1
199,6,0,8,18,7,20,19,18,20,,,,,,,,,,,,,,,1
200,10,0,8,18,20,8,,,,,,,,,,,,,,,,,,1
201,10,0,8,18,4,8,,,,,,,,,,,,,,,,,,0
202,10,0,8,18,14,10,20,,,,,,,,,,,,,,,,,1
203,10,0,8,19,4,10,8,,,,,,,,,,,,,,,,,0
204,10,0,8,13,20,18,7,8,,,,,,,,,,,,,,,,1
205,10,0,8,7,8,,,,,,,,,,,,,,,,,,,1
206,10,0,20,13,19,0,0,,,,,,,,,,,,,,,,,1
207,10,0,4,19,19,4,,,,,,,,,,,,,,,,,,0
208,10,0,4,17,20,,,,,,,,,,,,,,,,,,,0
209,10,0,14,17,8,,,,,,,,,,,,,,,,,,,1
210,6,0,10,0,,,,,,,,,,,,,,,,,,,,1
211,10,0,6,0,10,20,,,,,,,,,,,,,,,,,,1
212,10,0,6,0,10,20,2,7,14,20,12,8,17,24,14,20,,,,,,,,1
213,10,0,6,0,10,20,19,4,10,8,,,,,,,,,,,,,,0
214,10,0,10,0,19,14,,,,,,,,,,,,,,,,,,1
215,10,0,6,8,17,20,,,,,,,,,,,,,,,,,,0
216,10,0,10,20,6,4,13,,,,,,,,,,,,,,,,,1
217,6,0,10,20,18,7,20,20,,,,,,,,,,,,,,,,1
218,10,0,10,20,18,20,,,,,,,,,,,,,,,,,,0
219,10,0,10,20,2,7,8,,,,,,,,,,,,,,,,,1
220,10,0,10,20,19,14,20,6,8,,,,,,,,,,,,,,,1
221,6,0,10,20,7,8,,,,,,,,,,,,,,,,,,1
222,6,0,10,20,1,20,2,7,8,,,,,,,,,,,,,,,1
223,6,0,10,20,17,4,10,8,,,,,,,,,,,,,,,,1
224,10,0,10,20,17,4,17,20,,,,,,,,,,,,,,,,0
225,10,0,10,4,17,20,,,,,,,,,,,,,,,,,,0
226,10,0,10,4,17,20,,,,,,,,,,,,,,,,,,0
227,10,0,10,14,,,,,,,,,,,,,,,,,,,,1
228,10,0,18,0,8,,,,,,,,,,,,,,,,,,,1
229,10,0,18,0,13,0,17,20,,,,,,,,,,,,,,,,0
230,10,0,18,0,13,4,17,20,,,,,,,,,,,,,,,,0
231,10,0,25,0,13,,,,,,,,,,,,,,,,,,,1
232,10,0,18,7,8,10,14,8,,,,,,,,,,,,,,,,0
233,10,0,25,20,,,,,,,,,,,,,,,,,,,,1
234,10,0,19,0,,,,,,,,,,,,,,,,,,,,1
235,10,0,19,0,6,0,22,0,,,,,,,,,,,,,,,,1
236,10,0,19,0,17,8,0,20,,,,,,,,,,,,,,,,0
237,6,0,2,7,8,,,,,,,,,,,,,,,,,,,0
238,10,0,2,7,14,20,,,,,,,,,,,,,,,,,,1
239,6,0,10,10,8,,,,,,,,,,,,,,,,,,,1
240,10,0,10,10,14,8,8,,,,,,,,,,,,,,,,,0
241,6,0,10,10,14,20,9,20,20,,,,,,,,,,,,,,,1
242,10,0,15,15,0,19,18,20,,,,,,,,,,,,,,,,0
243,10,0,15,15,20,17,20,,,,,,,,,,,,,,,,,1
244,10,0,19,18,20,24,0,10,20,,,,,,,,,,,,,,,1
245,10,0,19,4,8,,,,,,,,,,,,,,,,,,,1
246,10,0,3,14,,,,,,,,,,,,,,,,,,,,1
247,10,0,13,0,18,7,8,12,8,,,,,,,,,,,,,,,1
248,10,0,13,0,25,20,2,7,8,,,,,,,,,,,,,,,1
249,10,0,13,0,17,0,25,20,18,7,8,12,14,,,,,,,,,,,0
250,10,0,13,4,12,14,2,7,8,,,,,,,,,,,,,,,1
251,10,0,13,14,20,,,,,,,,,,,,,,,,,,,0
252,10,0,1,8,,,,,,,,,,,,,,,,,,,,1
253,6,0,12,0,13,,,,,,,,,,,,,,,,,,,1
254,10,0,12,8,6,0,19,0,,,,,,,,,,,,,,,,1
255,10,0,12,8,18,0,12,0,,,,,,,,,,,,,,,,1
256,10,0,12,8,19,18,20,10,20,,,,,,,,,,,,,,,0
257,10,0,12,8,13,0,17,8,,,,,,,,,,,,,,,,1
258,10,0,12,8,13,,,,,,,,,,,,,,,,,,,1
259,10,0,12,4,17,0,12,0,13,,,,,,,,,,,,,,,1
260,6,0,17,0,6,0,17,0,,,,,,,,,,,,,,,,0
261,10,0,17,0,18,20,,,,,,,,,,,,,,,,,,1
262,10,0,17,0,3,0,19,18,20,10,8,,,,,,,,,,,,,1
263,10,0,17,0,19,19,14,,,,,,,,,,,,,,,,,0
264,10,0,17,0,19,4,,,,,,,,,,,,,,,,,,1
265,10,0,17,0,12,8,,,,,,,,,,,,,,,,,,1
266,6,0,17,0,17,8,19,14,,,,,,,,,,,,,,,,0
267,10,0,17,24,20,20,,,,,,,,,,,,,,,,,,1
268,10,0,17,20,10,20,,,,,,,,,,,,,,,,,,0
269,6,0,17,4,4,9,8,,,,,,,,,,,,,,,,,1
270,10,0,17,4,17,0,,,,,,,,,,,,,,,,,,1
271,10,0,22,0,10,0,18,20,,,,,,,,,,,,,,,,0
272,10,0,22,0,10,20,3,0,17,8,,,,,,,,,,,,,,1
273,10,0,22,0,18,20,,,,,,,,,,,,,,,,,,0
274,10,0,22,0,17,8,13,8,,,,,,,,,,,,,,,,1
275,10,0,22,0,17,20,,,,,,,,,,,,,,,,,,0
276,10,0,13,,,,,,,,,,,,,,,,,,,,,0
277,6,0,13,,,,,,,,,,,,,,,,,,,,,1
278,10,0,13,6,0,4,6,14,19,14,,,,,,,,,,,,,,1
279,10,0,13,10,0,13,13,8,,,,,,,,,,,,,,,,0
280,10,0,13,10,24,0,10,20,,,,,,,,,,,,,,,,1
281,10,0,13,10,24,14,20,,,,,,,,,,,,,,,,,1
282,10,0,13,10,4,8,18,7,0,,,,,,,,,,,,,,,1
283,10,0,13,6,14,,,,,,,,,,,,,,,,,,,1
284,10,0,13,10,14,20,2,7,8,,,,,,,,,,,,,,,1
285,10,0,13,6,14,5,20,,,,,,,,,,,,,,,,,1
286,10,0,13,18,0,19,18,20,,,,,,,,,,,,,,,,1
287,10,0,13,18,7,14,20,,,,,,,,,,,,,,,,,1
288,10,0,13,9,8,17,20,,,,,,,,,,,,,,,,,0
289,10,0,13,18,7,8,13,,,,,,,,,,,,,,,,,1
290,10,0,13,18,7,8,13,,,,,,,,,,,,,,,,,1
291,10,0,13,18,20,17,20,,,,,,,,,,,,,,,,,0
292,10,0,13,18,4,8,,,,,,,,,,,,,,,,,,1
293,10,0,13,25,4,13,13,8,,,,,,,,,,,,,,,,0
294,10,0,13,18,14,20,,,,,,,,,,,,,,,,,,1
295,10,0,13,18,14,20,1,20,13,,,,,,,,,,,,,,,1
296,10,0,13,19,14,20,,,,,,,,,,,,,,,,,,1
297,10,0,13,13,0,8,,,,,,,,,,,,,,,,,,1
298,6,0,13,1,14,20,,,,,,,,,,,,,,,,,,1
299,10,0,13,22,0,-57,9,8,19,4,13,-56,,,,,,,,,,,,1
300,10,8,8,10,8,8,,,,,,,,,,,,,,,,,,0
301,6,8,8,13,,,,,,,,,,,,,,,,,,,,1
302,10,8,14,13,,,,,,,,,,,,,,,,,,,,1
303,10,8,6,0,18,20,17,20,,,,,,,,,,,,,,,,0
304,10,8,6,0,17,20,13,8,,,,,,,,,,,,,,,,0
305,10,8,10,0,13,,,,,,,,,,,,,,,,,,,1
306,10,8,10,0,13,-65,,,,,,,,,,,,,,,,,,1
307,10,8,6,24,14,20,,,,,,,,,,,,,,,,,,1
308,10,8,10,20,,,,,,,,,,,,,,,,,,,,0
309,10,8,10,14,20,,,,,,,,,,,,,,,,,,,1
310,10,8,10,14,10,20,,,,,,,,,,,,,,,,,,1
311,10,8,9,8,,,,,,,,,,,,,,,,,,,,1
312,6,8,18,7,8,,,,,,,,,,,,,,,,,,,1
313,10,8,18,7,14,20,-57,2,7,14,20,-56,,,,,,,,,,,,1
314,10,8,18,4,8,,,,,,,,,,,,,,,,,,,1
315,10,8,19,0,8,,,,,,,,,,,,,,,,,,,1
316,10,8,19,0,10,20,,,,,,,,,,,,,,,,,,1
317,10,8,19,18,20,4,13,,,,,,,,,,,,,,,,,1
318,10,8,19,18,20,13,4,,,,,,,,,,,,,,,,,1
319,10,8,13,8,8,17,20,,,,,,,,,,,,,,,,,0
320,6,8,13,4,18,20,1,20,10,10,20,,,,,,,,,,,,,1
321,10,8,13,4,13,,,,,,,,,,,,,,,,,,,1
322,10,8,13,14,10,14,,,,,,,,,,,,,,,,,,1
323,10,8,1,14,20,,,,,,,,,,,,,,,,,,,1
324,10,8,7,14,13,19,4,10,8,,,,,,,,,,,,,,,0
325,10,8,12,0,19,18,20,-57,18,7,8,10,4,13,-56,,,,,,,,,1
326,10,8,12,0,17,20,,,,,,,,,,,,,,,,,,0
327,6,8,12,20,,,,,,,,,,,,,,,,,,,,1
328,6,8,12,14,13,,,,,,,,,,,,,,,,,,,1
329,6,24,0,0,6,24,0,0,,,,,,,,,,,,,,,,0
330,6,24,0,10,20,13,8,,,,,,,,,,,,,,,,,0
331,6,24,0,13,1,20,17,20,,,,,,,,,,,,,,,,1
332,10,24,20,20,,,,,,,,,,,,,,,,,,,,1
333,10,24,20,20,10,4,8,18,7,8,19,18,20,,,,,,,,,,,1
334,10,24,20,20,10,4,8,9,14,,,,,,,,,,,,,,,1
335,10,24,20,20,18,0,10,20,,,,,,,,,,,,,,,,1
336,10,24,20,20,1,20,17,4,4,10,8,,,,,,,,,,,,,1
337,10,24,20,20,24,14,20,,,,,,,,,,,,,,,,,1
338,6,24,20,19,19,14,,,,,,,,,,,,,,,,,,0
339,10,24,14,20,6,8,9,14,20,,,,,,,,,,,,,,,1
340,10,24,14,20,9,20,,,,,,,,,,,,,,,,,,1
341,10,24,14,20,18,7,20,20,9,14,,,,,,,,,,,,,,1
342,10,24,14,20,18,14,20,,,,,,,,,,,,,,,,,1
343,10,24,14,20,2,7,14,20,,,,,,,,,,,,,,,,1
344,10,24,14,20,19,18,20,20,,,,,,,,,,,,,,,,1
345,10,24,14,20,19,18,20,20,19,4,13,,,,,,,,,,,,,1
346,6,24,14,20,17,4,19,18,20,,,,,,,,,,,,,,,1
347,6,24,14,6,24,14,20,,,,,,,,,,,,,,,,,1
348,10,24,14,17,8,,,,,,,,,,,,,,,,,,,1
349,10,8,17,8,,,,,,,,,,,,,,,,,,,,1
350,10,8,17,14,10,20,,,,,,,,,,,,,,,,,,1
351,10,8,13,,,,,,,,,,,,,,,,,,,,,1
352,6,8,13,,,,,,,,,,,,,,,,,,,,,1
353,10,8,13,10,0,10,20,9,8,,,,,,,,,,,,,,,1
354,10,20,20,18,7,8,19,18,20,,,,,,,,,,,,,,,1
355,10,20,20,18,7,0,,,,,,,,,,,,,,,,,,1
356,6,20,20,2,7,14,10,8,15,0,0,,,,,,,,,,,,,1
357,10,20,20,17,0,0,,,,,,,,,,,,,,,,,,1
358,10,20,18,0,8,,,,,,,,,,,,,,,,,,,0
359,10,20,18,0,17,20,,,,,,,,,,,,,,,,,,0
360,10,20,18,20,10,20,18,20,,,,,,,,,,,,,,,,
361,10,20,18,20,17,8,24,20,1,8,,,,,,,,,,,,,,1
362,10,20,25,20,17,4,17,20,,,,,,,,,,,,,,,,0
363,6,20,19,0,8,19,4,10,8,,,,,,,,,,,,,,,0
364,10,20,3,0,17,20,,,,,,,,,,,,,,,,,,0
365,10,20,2,7,8,1,0,18,7,8,,,,,,,,,,,,,,1
366,10,20,2,7,8,1,8,17,20,,,,,,,,,,,,,,,1
367,6,20,18,18,20,17,8,,,,,,,,,,,,,,,,,1
368,10,20,19,19,18,20,10,20,,,,,,,,,,,,,,,,1
369,10,20,1,8,,,,,,,,,,,,,,,,,,,,1
370,10,20,1,8,10,0,25,0,17,8,,,,,,,,,,,,,,1
371,10,20,1,8,13,8,13,0,17,20,,,,,,,,,,,,,,0
372,10,20,5,20,20,,,,,,,,,,,,,,,,,,,1
373,10,20,1,4,19,18,20,,,,,,,,,,,,,,,,,1
374,10,20,12,20,,,,,,,,,,,,,,,,,,,,0
375,10,20,12,14,,,,,,,,,,,,,,,,,,,,1
376,10,20,17,0,10,20,18,7,14,13,,,,,,,,,,,,,,1
377,10,20,17,0,18,20,,,,,,,,,,,,,,,,,,0
378,6,20,17,0,18,20,,,,,,,,,,,,,,,,,,1
379,10,20,17,0,18,20,9,20,20,,,,,,,,,,,,,,,1
380,6,20,17,0,5,8,10,10,20,,,,,,,,,,,,,,,1
381,10,20,17,0,1,4,17,20,,,,,,,,,,,,,,,,0
382,6,20,17,8,8,13,,,,,,,,,,,,,,,,,,1
383,10,20,17,8,10,0,4,18,20,,,,,,,,,,,,,,,0
384,10,20,17,20,,,,,,,,,,,,,,,,,,,,0
385,10,20,17,20,,,,,,,,,,,,,,,,,,,,0
386,10,20,17,20,20,,,,,,,,,,,,,,,,,,,0
387,10,20,17,20,12,0,8,18,20,,,,,,,,,,,,,,,1
388,6,20,17,4,4,,,,,,,,,,,,,,,,,,,1
389,10,20,17,14,14,1,8,,,,,,,,,,,,,,,,,1
390,10,20,17,14,14,13,13,8,13,6,4,13,,,,,,,,,,,,1
391,10,20,17,14,15,15,14,8,,,,,,,,,,,,,,,,0
392,6,20,13,19,0,8,,,,,,,,,,,,,,,,,,1
393,10,20,13,17,4,13,,,,,,,,,,,,,,,,,,1
394,10,4,8,4,8,,,,,,,,,,,,,,,,,,,1
395,10,4,8,4,8,18,7,0,,,,,,,,,,,,,,,,1
396,10,4,8,10,0,10,20,,,,,,,,,,,,,,,,,1
397,10,4,8,10,8,,,,,,,,,,,,,,,,,,,1
398,10,4,8,9,8,,,,,,,,,,,,,,,,,,,1
399,10,4,8,18,7,8,10,8,,,,,,,,,,,,,,,,1
400,6,4,8,9,20,19,18,20,,,,,,,,,,,,,,,,1
401,6,4,4,12,20,,,,,,,,,,,,,,,,,,,1
402,6,4,10,8,9,14,20,,,,,,,,,,,,,,,,,1
403,10,4,18,7,14,20,,,,,,,,,,,,,,,,,,1
404,6,4,18,20,19,14,,,,,,,,,,,,,,,,,,1
405,10,4,2,7,8,,,,,,,,,,,,,,,,,,,0
406,10,4,19,18,20,8,,,,,,,,,,,,,,,,,,1
407,10,4,19,18,20,4,10,8,,,,,,,,,,,,,,,,1
408,10,4,10,10,0,,,,,,,,,,,,,,,,,,,1
409,6,4,10,10,24,20,20,,,,,,,,,,,,,,,,,1
410,10,4,10,10,14,20,,,,,,,,,,,,,,,,,,0
411,10,4,18,18,7,8,19,4,,,,,,,,,,,,,,,,0
412,10,4,18,18,7,14,20,18,4,13,,,,,,,,,,,,,,1
413,10,4,18,18,4,10,8,,,,,,,,,,,,,,,,,1
414,6,4,19,18,20,12,0,19,18,20,,,,,,,,,,,,,,1
415,10,4,12,20,17,8,,,,,,,,,,,,,,,,,,1
416,6,4,17,0,6,4,17,0,,,,,,,,,,,,,,,,0
417,10,4,17,4,3,14,12,14,,,,,,,,,,,,,,,,0
418,10,4,13,,,,,,,,,,,,,,,,,,,,,0
419,6,4,13,10,0,8,,,,,,,,,,,,,,,,,,1
420,10,4,13,18,0,,,,,,,,,,,,,,,,,,,1
421,6,4,13,25,0,8,,,,,,,,,,,,,,,,,,1
422,6,4,13,9,8,19,18,20,,,,,,,,,,,,,,,,1
423,6,4,13,18,7,14,20,,,,,,,,,,,,,,,,,1
424,10,4,13,19,14,20,,,,,,,,,,,,,,,,,,1
425,10,14,,,,,,,,,,,,,,,,,,,,,,1
426,10,14,8,,,,,,,,,,,,,,,,,,,,,1
427,10,14,20,10,0,,,,,,,,,,,,,,,,,,,1
428,10,14,20,10,0,8,,,,,,,,,,,,,,,,,,1
429,10,14,20,10,0,8,,,,,,,,,,,,,,,,,,1
430,10,14,20,6,0,10,20,,,,,,,,,,,,,,,,,1
431,10,14,20,10,0,19,4,10,8,,,,,,,,,,,,,,,0
432,10,14,20,10,8,18,7,8,13,,,,,,,,,,,,,,,1
433,10,14,20,10,24,14,20,,,,,,,,,,,,,,,,,1
434,10,14,20,6,24,14,20,,,,,,,,,,,,,,,,,1
435,10,14,20,10,14,20,18,4,8,,,,,,,,,,,,,,,1
436,10,14,20,9,8,,,,,,,,,,,,,,,,,,,1
437,10,14,20,18,7,0,,,,,,,,,,,,,,,,,,1
438,10,14,20,18,7,20,20,3,4,13,22,0,,,,,,,,,,,,1
439,10,14,20,25,20,8,,,,,,,,,,,,,,,,,,1
440,10,14,20,18,14,10,20,3,14,20,17,14,,,,,,,,,,,,1
441,10,14,20,2,7,14,20,,,,,,,,,,,,,,,,,1
442,10,14,20,19,18,20,20,7,8,,,,,,,,,,,,,,,1
443,10,14,20,3,14,20,,,,,,,,,,,,,,,,,,1
444,10,14,20,13,0,8,,,,,,,,,,,,,,,,,,1
445,10,14,20,13,4,19,18,20,7,8,,,,,,,,,,,,,,1
446,10,14,20,7,0,8,,,,,,,,,,,,,,,,,,1
447,10,14,20,7,0,13,,,,,,,,,,,,,,,,,,1
448,10,14,20,5,20,13,,,,,,,,,,,,,,,,,,1
449,10,14,20,12,20,8,13,,,,,,,,,,,,,,,,,1
450,6,14,20,12,4,,,,,,,,,,,,,,,,,,,0
451,10,14,14,3,14,,,,,,,,,,,,,,,,,,,1
452,10,14,14,13,0,0,,,,,,,,,,,,,,,,,,1
453,10,14,14,17,8,,,,,,,,,,,,,,,,,,,1
454,10,14,14,17,20,,,,,,,,,,,,,,,,,,,0
455,6,14,14,17,20,,,,,,,,,,,,,,,,,,,1
456,6,14,14,17,20,3,4,13,-58,20,8,8,10,20,,,,,,,,,,1
457,6,14,14,17,20,3,14,,,,,,,,,,,,,,,,,1
458,6,14,10,0,8,,,,,,,,,,,,,,,,,,,1
459,10,14,10,20,6,8,,,,,,,,,,,,,,,,,,1
460,10,14,10,20,6,14,,,,,,,,,,,,,,,,,,1
461,10,14,10,20,18,4,10,8,,,,,,,,,,,,,,,,1
462,10,14,10,20,1,0,13,,,,,,,,,,,,,,,,,1
463,10,14,10,20,12,8,13,,,,,,,,,,,,,,,,,1
464,10,14,10,20,17,4,13,,,,,,,,,,,,,,,,,1
465,10,14,6,4,17,20,,,,,,,,,,,,,,,,,,1
466,10,14,10,14,17,14,,,,,,,,,,,,,,,,,,1
467,10,14,18,7,8,,,,,,,,,,,,,,,,,,,1
468,10,14,25,4,13,8,,,,,,,,,,,,,,,,,,1
469,6,14,2,7,8,18,14,20,,,,,,,,,,,,,,,,1
470,10,14,10,10,0,8,6,8,8,13,,,,,,,,,,,,,,1
471,10,14,10,10,8,,,,,,,,,,,,,,,,,,,1
472,10,14,19,19,4,17,8,,,,,,,,,,,,,,,,,0
473,10,14,19,14,13,0,17,20,,,,,,,,,,,,,,,,0
474,6,14,19,14,13,8,,,,,,,,,,,,,,,,,,0
475,10,14,3,14,12,14,15,15,14,8,,,,,,,,,,,,,,0
476,10,14,19,14,22,0,25,0,,,,,,,,,,,,,,,,1
477,10,14,19,14,22,0,17,20,,,,,,,,,,,,,,,,0
478,10,14,13,14,,,,,,,,,,,,,,,,,,,,0
479,10,14,13,14,1,20,13,3,4,7,0,,,,,,,,,,,,,0
480,10,14,1,4,19,18,20,13,8,,,,,,,,,,,,,,,0
481,6,14,12,0,10,0,18,20,,,,,,,,,,,,,,,,0
482,10,14,12,24,20,13,8,10,4,4,18,7,14,13,,,,,,,,,,1
483,10,14,24,20,1,8,,,,,,,,,,,,,,,,,,1
484,6,14,17,0,8,10,14,20,,,,,,,,,,,,,,,,1
485,10,14,17,20,,,,,,,,,,,,,,,,,,,,0
486,10,14,17,4,12,0,3,4,,,,,,,,,,,,,,,,0
487,10,14,17,4,17,0,,,,,,,,,,,,,,,,,,0
488,10,14,17,14,18,20,,,,,,,,,,,,,,,,,,0
489,10,14,13,10,0,8,,,,,,,,,,,,,,,,,,1
490,10,14,13,10,20,20,17,20,,,,,,,,,,,,,,,,1
491,10,14,13,18,4,8,10,8,,,,,,,,,,,,,,,,1
492,10,14,13,19,0,10,20,19,14,17,4,13,25,20,,,,,,,,,,1
493,10,14,13,1,8,13,8,,,,,,,,,,,,,,,,,1
494,25,0,0,25,0,0,,,,,,,,,,,,,,,,,,0
495,18,0,8,10,14,20,,,,,,,,,,,,,,,,,,1
496,18,0,8,1,14,20,,,,,,,,,,,,,,,,,,1
497,18,0,10,0,,,,,,,,,,,,,,,,,,,,1
498,18,0,10,0,18,0,12,0,,,,,,,,,,,,,,,,1
499,18,0,10,0,13,,,,,,,,,,,,,,,,,,,0
500,18,0,10,8,,,,,,,,,,,,,,,,,,,,1
501,18,0,6,24,14,20,,,,,,,,,,,,,,,,,,1
502,18,0,10,20,18,7,8,10,0,,,,,,,,,,,,,,,1
503,18,0,10,20,13,4,13,,,,,,,,,,,,,,,,,1
504,18,0,10,20,1,0,13,,,,,,,,,,,,,,,,,1
505,18,0,10,20,7,8,13,,,,,,,,,,,,,,,,,1
506,18,0,10,20,12,4,,,,,,,,,,,,,,,,,,0
507,18,0,10,20,12,14,19,18,20,,,,,,,,,,,,,,,1
508,18,0,10,4,1,20,,,,,,,,,,,,,,,,,,0
509,18,0,18,20,,,,,,,,,,,,,,,,,,,,0
510,18,0,25,14,,,,,,,,,,,,,,,,,,,,0
511,18,0,10,10,0,,,,,,,,,,,,,,,,,,,1
512,18,0,10,10,0,10,20,,,,,,,,,,,,,,,,,1
513,18,0,10,10,24,14,10,20,10,0,,,,,,,,,,,,,,1
514,18,0,18,18,14,10,20,,,,,,,,,,,,,,,,,0
515,18,0,19,19,14,,,,,,,,,,,,,,,,,,,0
516,18,0,1,14,17,20,,,,,,,,,,,,,,,,,,0
517,18,0,12,0,25,0,12,0,,,,,,,,,,,,,,,,0
518,18,0,12,20,10,4,,,,,,,,,,,,,,,,,,1
519,18,0,24,20,20,18,20,17,20,,,,,,,,,,,,,,,0
520,25,0,17,0,25,0,17,0,,,,,,,,,,,,,,,,0
521,18,0,17,0,13,8,,,,,,,,,,,,,,,,,,0
522,18,0,13,10,0,10,20,-57,10,4,8,-56,,,,,,,,,,,,1
523,18,0,13,6,24,14,20,,,,,,,,,,,,,,,,,1
524,18,0,13,10,14,20,,,,,,,,,,,,,,,,,,1
525,18,0,13,18,20,20,,,,,,,,,,,,,,,,,,1
526,18,7,8,14,10,0,17,0,8,,,,,,,,,,,,,,,0
527,9,8,10,0,8,,,,,,,,,,,,,,,,,,,1
528,18,7,8,6,0,10,20,,,,,,,,,,,,,,,,,1
529,18,7,8,10,0,10,20,-57,10,4,8,-56,,,,,,,,,,,,1
530,18,7,8,10,0,10,20,8,,,,,,,,,,,,,,,,0
531,9,8,10,8,,,,,,,,,,,,,,,,,,,,1
532,9,8,10,24,20,20,,,,,,,,,,,,,,,,,,1
533,18,7,8,10,20,18,7,8,10,20,,,,,,,,,,,,,,0
534,18,7,8,6,4,10,8,,,,,,,,,,,,,,,,,1
535,18,7,8,6,4,13,,,,,,,,,,,,,,,,,,1
536,18,7,8,18,7,0,,,,,,,,,,,,,,,,,,1
537,9,8,18,7,8,13,,,,,,,,,,,,,,,,,,1
538,9,8,18,7,8,13,,,,,,,,,,,,,,,,,,1
539,18,7,8,18,4,19,18,20,,,,,,,,,,,,,,,,1
540,9,8,3,0,8,,,,,,,,,,,,,,,,,,,1
541,18,7,8,19,0,6,0,20,,,,,,,,,,,,,,,,0
542,18,7,8,19,0,6,0,10,8,,,,,,,,,,,,,,,1
543,18,7,8,2,7,14,20,17,8,19,18,20,,,,,,,,,,,,1
544,18,7,8,19,18,20,,,,,,,,,,,,,,,,,,1
545,18,7,8,10,10,0,17,8,,,,,,,,,,,,,,,,0
546,18,7,8,10,10,0,17,8,,,,,,,,,,,,,,,,0
547,9,8,10,10,0,13,,,,,,,,,,,,,,,,,,1
548,18,7,8,19,18,20,10,4,,,,,,,,,,,,,,,,1
549,18,7,8,19,18,20,10,4,17,20,,,,,,,,,,,,,,0
550,9,8,19,18,20,6,4,13,,,,,,,,,,,,,,,,1
551,9,8,18,18,0,8,-57,13,8,-56,7,0,,,,,,,,,,,,0
552,9,8,18,18,0,8,13,8,,,,,,,,,,,,,,,,0
553,18,7,8,19,18,20,3,14,,,,,,,,,,,,,,,,1
554,18,7,8,19,18,20,13,0,8,,,,,,,,,,,,,,,1
555,9,8,19,18,20,13,8,,,,,,,,,,,,,,,,,0
556,9,8,19,18,20,17,24,14,10,20,,,,,,,,,,,,,,1
557,9,8,3,14,20,,,,,,,,,,,,,,,,,,,1
558,9,8,3,14,20,19,4,10,8,13,8,,,,,,,,,,,,,0
559,18,7,8,19,14,18,7,8,19,14,,,,,,,,,,,,,,0
560,18,7,8,1,0,17,0,10,20,18,7,8,19,4,,,,,,,,,,0
561,18,7,8,1,14,20,,,,,,,,,,,,,,,,,,1
562,18,7,8,1,14,20,,,,,,,,,,,,,,,,,,1
563,9,8,12,0,13,,,,,,,,,,,,,,,,,,,1
564,18,7,8,12,8,13,,,,,,,,,,,,,,,,,,1
565,18,7,8,12,4,10,8,17,8,,,,,,,,,,,,,,,1
566,18,7,8,12,4,10,8,17,20,,,,,,,,,,,,,,,0
567,9,8,12,4,9,8,12,4,,,,,,,,,,,,,,,,0
568,18,7,8,12,4,15,15,14,8,,,,,,,,,,,,,,,0
569,18,7,8,12,4,17,20,,,,,,,,,,,,,,,,,0
570,9,8,12,14,19,14,,,,,,,,,,,,,,,,,,1
571,18,7,0,8,13,,,,,,,,,,,,,,,,,,,1
572,18,7,0,10,0,8,9,8,13,,,,,,,,,,,,,,,1
573,18,7,0,10,14,,,,,,,,,,,,,,,,,,,1
574,18,7,0,18,4,13,,,,,,,,,,,,,,,,,,1
575,18,7,0,13,0,8,,,,,,,,,,,,,,,,,,1
576,18,7,0,1,4,17,20,,,,,,,,,,,,,,,,,0
577,9,0,12,0,18,20,17,20,,,,,,,,,,,,,,,,0
578,9,0,13,10,4,13,,,,,,,,,,,,,,,,,,1
579,9,0,13,10,4,13,15,14,13,,,,,,,,,,,,,,,0
580,18,7,20,20,,,,,,,,,,,,,,,,,,,,0
581,9,20,20,,,,,,,,,,,,,,,,,,,,,0
582,18,7,20,20,10,0,13,18,7,8,,,,,,,,,,,,,,1
583,18,7,20,20,10,24,14,20,,,,,,,,,,,,,,,,1
584,9,20,20,6,24,14,20,8,13,,,,,,,,,,,,,,,1
585,18,7,20,20,6,14,20,,,,,,,,,,,,,,,,,1
586,18,7,20,20,18,7,8,10,0,19,4,8,,,,,,,,,,,,1
587,18,7,20,20,18,7,14,10,20,,,,,,,,,,,,,,,1
588,9,20,20,19,0,8,,,,,,,,,,,,,,,,,,1
589,9,20,20,3,0,8,,,,,,,,,,,,,,,,,,0
590,18,7,20,20,2,7,20,20,19,4,10,8,,,,,,,,,,,,0
591,9,20,20,13,8,,,,,,,,,,,,,,,,,,,0
592,9,20,20,24,14,20,,,,,,,,,,,,,,,,,,0
593,18,7,20,4,13,,,,,,,,,,,,,,,,,,,1
594,9,20,6,24,14,20,17,24,14,20,,,,,,,,,,,,,,1
595,18,7,20,18,7,14,20,,,,,,,,,,,,,,,,,1
596,18,7,20,9,8,13,10,14,20,,,,,,,,,,,,,,,1
597,18,7,20,10,10,0,,,,,,,,,,,,,,,,,,1
598,18,7,20,18,18,0,13,,,,,,,,,,,,,,,,,1
599,18,7,20,18,18,7,0,,,,,,,,,,,,,,,,,1
600,18,7,20,19,18,20,9,14,20,,,,,,,,,,,,,,,1
601,18,7,20,18,18,7,8,13,,,,,,,,,,,,,,,,1
602,18,7,20,18,18,4,,,,,,,,,,,,,,,,,,1
603,9,20,12,24,14,20,,,,,,,,,,,,,,,,,,1
604,18,7,14,20,,,,,,,,,,,,,,,,,,,,0
605,9,14,20,,,,,,,,,,,,,,,,,,,,,0
606,9,14,20,8,,,,,,,,,,,,,,,,,,,,1
607,18,7,14,20,6,0,10,20,29,13,4,13,18,4,8,,,,,,,,,1
608,18,7,14,20,6,0,10,20,18,4,8,,,,,,,,,,,,,1
609,18,7,14,20,6,0,13,0,8,,,,,,,,,,,,,,,1
610,18,7,14,20,6,8,,,,,,,,,,,,,,,,,,1
611,9,14,20,10,24,20,20,,,,,,,,,,,,,,,,,1
612,9,14,20,10,24,14,20,,,,,,,,,,,,,,,,,1
613,18,7,14,20,10,24,14,10,20,19,4,10,8,,,,,,,,,,,0
614,9,14,20,10,4,13,,,,,,,,,,,,,,,,,,1
615,9,14,20,18,7,8,,,,,,,,,,,,,,,,,,1
616,18,7,14,20,18,7,0,,,,,,,,,,,,,,,,,1
617,9,14,20,18,7,0,,,,,,,,,,,,,,,,,,1
618,18,7,14,20,18,7,8,13,,,,,,,,,,,,,,,,1
619,9,14,20,19,0,8,,,,,,,,,,,,,,,,,,1
620,18,7,14,20,19,0,8,9,14,20,,,,,,,,,,,,,,1
621,18,7,14,20,19,14,19,18,20,,,,,,,,,,,,,,,1
622,18,7,14,20,13,4,13,,,,,,,,,,,,,,,,,1
623,18,7,14,20,1,0,8,,,,,,,,,,,,,,,,,1
624,18,7,14,20,7,8,25,4,8,,,,,,,,,,,,,,,1
625,18,7,14,20,7,8,13,,,,,,,,,,,,,,,,,1
626,18,7,14,20,7,8,13,,,,,,,,,,,,,,,,,1
627,18,7,14,20,1,20,,,,,,,,,,,,,,,,,,1
628,9,14,20,7,14,20,,,,,,,,,,,,,,,,,,1
629,18,7,14,20,12,8,10,8,6,4,13,,,,,,,,,,,,,1
630,9,14,20,17,24,20,20,,,,,,,,,,,,,,,,,1
631,18,7,8,24,14,20,17,24,14,20,10,8,13,,,,,,,,,,,1
632,18,7,14,14,15,4,13,7,0,20,0,0,,,,,,,,,,,,1
633,18,7,14,10,24,20,20,,,,,,,,,,,,,,,,,1
634,18,7,14,10,20,8,13,,,,,,,,,,,,,,,,,1
635,18,7,14,10,20,6,24,14,20,,,,,,,,,,,,,,,1
636,18,7,14,10,20,2,7,20,20,3,14,10,20,,,,,,,,,,,1
637,18,7,14,10,20,7,8,,,,,,,,,,,,,,,,,1
638,9,14,6,4,13,,,,,,,,,,,,,,,,,,,1
639,18,7,14,15,15,0,8,,,,,,,,,,,,,,,,,0
640,9,14,24,20,20,,,,,,,,,,,,,,,,,,,1
641,18,7,8,17,8,,,,,,,,,,,,,,,,,,,1
642,18,7,8,17,8,0,8,,,,,,,,,,,,,,,,,1
643,18,7,8,17,8,8,25,20,,,,,,,,,,,,,,,,1
644,18,7,8,17,20,1,0,0,,,,,,,,,,,,,,,,1
645,18,7,8,17,20,1,0,0,18,0,13,6,24,14,20,,,,,,,,,1
646,18,7,8,17,14,14,1,8,,,,,,,,,,,,,,,,1
647,9,8,17,14,9,8,17,14,,,,,,,,,,,,,,,,0
648,18,7,8,17,14,15,15,14,8,,,,,,,,,,,,,,,0
649,18,7,8,13,6,0,10,20,,,,,,,,,,,,,,,,1
650,18,7,8,13,10,8,17,14,10,20,,,,,,,,,,,,,,1
651,18,7,8,13,10,4,13,,,,,,,,,,,,,,,,,0
652,18,7,8,13,10,14,10,20,,,,,,,,,,,,,,,,0
653,18,7,8,13,10,14,10,20,18,0,,,,,,,,,,,,,,1
654,18,7,8,13,18,0,10,20,,,,,,,,,,,,,,,,1
655,18,7,8,13,18,7,0,,,,,,,,,,,,,,,,,1
656,18,7,8,13,18,4,8,,,,,,,,,,,,,,,,,1
657,9,8,13,18,4,8,,,,,,,,,,,,,,,,,,1
658,18,7,8,13,18,4,10,8,,,,,,,,,,,,,,,,1
659,18,7,8,13,18,4,13,,,,,,,,,,,,,,,,,0
660,18,7,8,13,25,14,20,,,,,,,,,,,,,,,,,1
661,18,7,8,13,13,24,20,20,18,4,8,,,,,,,,,,,,,1
662,18,7,8,13,15,14,,,,,,,,,,,,,,,,,,1
663,18,7,8,13,24,20,20,,,,,,,,,,,,,,,,,1
664,18,7,8,13,17,0,8,,,,,,,,,,,,,,,,,1
665,18,7,8,13,17,8,6,0,10,20,,,,,,,,,,,,,,1
666,18,20,8,6,0,17,0,,,,,,,,,,,,,,,,,1
667,18,20,20,6,0,10,20,,,,,,,,,,,,,,,,,1
668,18,20,20,9,8,,,,,,,,,,,,,,,,,,,1
669,25,20,20,25,20,20,18,7,8,8,,,,,,,,,,,,,,0
670,18,20,20,13,8,13,,,,,,,,,,,,,,,,,,1
671,18,20,6,0,19,0,,,,,,,,,,,,,,,,,,1
672,18,20,6,8,,,,,,,,,,,,,,,,,,,,0
673,25,20,10,8,,,,,,,,,,,,,,,,,,,,0
674,18,20,6,20,,,,,,,,,,,,,,,,,,,,0
675,18,20,6,14,10,20,,,,,,,,,,,,,,,,,,0
676,18,20,10,14,18,7,8,12,14,,,,,,,,,,,,,,,0
677,18,20,6,14,18,20,,,,,,,,,,,,,,,,,,0
678,18,20,18,20,12,20,,,,,,,,,,,,,,,,,,0
679,18,20,25,20,12,4,,,,,,,,,,,,,,,,,,1
680,18,20,18,20,12,4,17,20,,,,,,,,,,,,,,,,0
681,18,20,10,10,0,17,8,,,,,,,,,,,,,,,,,0
682,18,20,15,15,0,8,,,,,,,,,,,,,,,,,,0
683,18,20,3,4,13,8,,,,,,,,,,,,,,,,,,0
684,18,20,19,14,14,1,20,,,,,,,,,,,,,,,,,1
685,18,20,19,14,14,17,8,8,,,,,,,,,,,,,,,,1
686,18,20,19,14,17,0,8,10,8,,,,,,,,,,,,,,,1
687,18,20,15,0,6,4,19,4,8,,,,,,,,,,,,,,,1
688,18,20,15,8,8,3,14,,,,,,,,,,,,,,,,,1
689,18,20,15,8,8,3,14,8,7,0,13,,,,,,,,,,,,,1
690,18,20,1,4,19,4,,,,,,,,,,,,,,,,,,0
691,18,20,1,4,17,20,,,,,,,,,,,,,,,,,,0
692,18,20,12,0,18,4,17,20,,,,,,,,,,,,,,,,0
693,18,20,12,20,,,,,,,,,,,,,,,,,,,,0
694,18,20,12,20,20,25,20,,,,,,,,,,,,,,,,,0
695,18,20,17,8,15,15,20,,,,,,,,,,,,,,,,,1
696,18,20,17,4,2,7,8,6,0,20,,,,,,,,,,,,,,0
697,18,4,8,10,0,10,20,,,,,,,,,,,,,,,,,0
698,18,4,8,10,0,10,20,,,,,,,,,,,,,,,,,1
699,18,4,8,10,0,19,18,20,7,8,,,,,,,,,,,,,,1
700,18,4,8,10,8,,,,,,,,,,,,,,,,,,,1
701,18,4,8,18,0,13,,,,,,,,,,,,,,,,,,1
702,18,4,8,9,8,10,0,,,,,,,,,,,,,,,,,1
703,18,4,8,18,7,14,,,,,,,,,,,,,,,,,,1
704,18,4,8,9,8,13,,,,,,,,,,,,,,,,,,1
705,18,4,8,9,8,13,18,7,8,10,8,,,,,,,,,,,,,1
706,18,4,8,18,7,8,13,19,4,10,8,,,,,,,,,,,,,0
707,18,4,8,25,14,20,-57,6,0,8,18,7,0,-56,,,,,,,,,,0
708,18,4,8,2,7,14,20,,,,,,,,,,,,,,,,,1
709,18,4,8,19,14,,,,,,,,,,,,,,,,,,,1
710,18,4,8,13,4,13,6,0,15,15,8,,,,,,,,,,,,,1
711,18,4,8,5,20,,,,,,,,,,,,,,,,,,,1
712,18,4,8,1,20,19,18,20,,,,,,,,,,,,,,,,1
713,18,4,8,1,20,13,,,,,,,,,,,,,,,,,,1
714,18,4,8,24,14,20,,,,,,,,,,,,,,,,,,1
715,18,4,4,17,20,18,20,,,,,,,,,,,,,,,,,1
716,18,4,4,17,20,18,20,12,0,13,,,,,,,,,,,,,,1
717,18,4,10,0,8,8,2,7,8,,,,,,,,,,,,,,,1
718,18,4,10,8,19,0,13,,,,,,,,,,,,,,,,,1
719,18,4,10,10,0,10,20,,,,,,,,,,,,,,,,,0
720,18,4,10,10,24,14,10,20,19,4,10,8,,,,,,,,,,,,0
721,18,4,19,19,14,,,,,,,,,,,,,,,,,,,1
722,18,4,19,18,20,24,0,10,20,,,,,,,,,,,,,,,1
723,18,4,13,0,10,0,,,,,,,,,,,,,,,,,,1
724,18,4,13,4,10,0,,,,,,,,,,,,,,,,,,1
725,18,4,17,8,5,20,,,,,,,,,,,,,,,,,,1
726,25,4,13,-58,8,13,,,,,,,,,,,,,,,,,,1
727,25,4,13,10,0,8,,,,,,,,,,,,,,,,,,1
728,18,4,13,10,24,14,,,,,,,,,,,,,,,,,,1
729,18,4,13,18,0,0,,,,,,,,,,,,,,,,,,1
730,18,4,13,18,7,20,,,,,,,,,,,,,,,,,,1
731,18,4,13,19,0,10,20,,,,,,,,,,,,,,,,,1
732,18,4,13,3,4,13,,,,,,,,,,,,,,,,,,1
733,18,4,13,15,0,8,,,,,,,,,,,,,,,,,,1
734,25,4,13,7,0,13,,,,,,,,,,,,,,,,,,1
735,18,4,13,12,14,13,10,0,,,,,,,,,,,,,,,,1
736,18,4,13,12,14,13,24,14,20,6,14,,,,,,,,,,,,,1
737,18,4,13,24,14,20,,,,,,,,,,,,,,,,,,1
738,25,14,20,10,0,,,,,,,,,,,,,,,,,,,1
739,18,14,20,6,14,20,19,4,10,8,,,,,,,,,,,,,,0
740,18,14,20,25,0,8,,,,,,,,,,,,,,,,,,1
741,18,14,20,25,14,,,,,,,,,,,,,,,,,,,1
742,18,14,20,2,7,14,20,,,,,,,,,,,,,,,,,1
743,18,14,20,19,14,20,,,,,,,,,,,,,,,,,,0
744,18,14,20,17,24,14,20,,,,,,,,,,,,,,,,,1
745,18,14,3,0,19,18,20,,,,,,,,,,,,,,,,,0
746,18,14,10,10,20,17,8,,,,,,,,,,,,,,,,,0
747,18,14,13,14,7,4,13,,,,,,,,,,,,,,,,,1
748,18,14,1,0,,,,,,,,,,,,,,,,,,,,1
749,18,14,1,14,10,20,,,,,,,,,,,,,,,,,,0
750,18,14,24,14,18,14,24,14,,,,,,,,,,,,,,,,0
751,18,14,17,4,25,14,17,4,,,,,,,,,,,,,,,,1
752,18,14,17,4,3,4,7,0,,,,,,,,,,,,,,,,0
753,18,14,17,4,3,4,7,0,,,,,,,,,,,,,,,,0
754,18,14,17,4,13,0,13,14,13,8,,,,,,,,,,,,,,0
755,18,14,17,14,20,,,,,,,,,,,,,,,,,,,0
756,18,14,17,14,4,17,20,,,,,,,,,,,,,,,,,0
757,19,0,8,,,,,,,,,,,,,,,,,,,,,0
758,3,0,8,,,,,,,,,,,,,,,,,,,,,0
759,3,0,8,,,,,,,,,,,,,,,,,,,,,0
760,3,0,8,29,18,7,8,1,14,20,,,,,,,,,,,,,,1
761,19,0,8,6,0,10,20,,,,,,,,,,,,,,,,,1
762,3,0,8,6,0,10,20,8,13,18,4,8,,,,,,,,,,,,1
763,3,0,8,6,0,10,20,18,4,8,,,,,,,,,,,,,,1
764,19,0,8,10,8,2,7,20,20,,,,,,,,,,,,,,,1
765,19,0,8,10,20,19,18,20,,,,,,,,,,,,,,,,0
766,19,0,8,10,4,13,,,,,,,,,,,,,,,,,,1
767,19,0,8,10,14,20,18,7,0,,,,,,,,,,,,,,,1
768,3,0,8,9,8,,,,,,,,,,,,,,,,,,,0
769,19,0,8,18,7,8,19,0,10,14,19,14,,,,,,,,,,,,1
770,19,0,8,18,7,8,19,0,12,14,13,14,,,,,,,,,,,,0
771,19,0,8,18,7,8,19,4,,,,,,,,,,,,,,,,0
772,19,0,8,18,7,14,20,,,,,,,,,,,,,,,,,1
773,19,0,8,18,7,14,10,20,,,,,,,,,,,,,,,,1
774,19,0,8,18,20,17,20,,,,,,,,,,,,,,,,,0
775,3,0,8,18,4,8,10,14,20,,,,,,,,,,,,,,,1
776,19,0,8,18,4,8,24,14,20,,,,,,,,,,,,,,,1
777,19,0,8,19,14,17,20,,,,,,,,,,,,,,,,,1
778,3,0,8,7,24,14,20,19,4,10,8,,,,,,,,,,,,,0
779,19,0,8,15,20,,,,,,,,,,,,,,,,,,,1
780,3,0,8,1,20,,,,,,,,,,,,,,,,,,,0
781,3,0,8,1,20,1,20,13,,,,,,,,,,,,,,,,1
782,19,0,8,7,4,8,24,14,20,,,,,,,,,,,,,,,1
783,19,0,8,12,20,10,0,15,20,18,4,17,20,,,,,,,,,,,1
784,3,0,8,12,4,8,,,,,,,,,,,,,,,,,,1
785,19,0,8,24,0,,,,,,,,,,,,,,,,,,,1
786,19,0,14,18,20,,,,,,,,,,,,,,,,,,,0
787,3,0,6,0,,,,,,,,,,,,,,,,,,,,0
788,19,0,6,0,8,13,8,,,,,,,,,,,,,,,,,0
789,19,0,10,0,12,0,17,20,,,,,,,,,,,,,,,,0
790,19,0,10,0,12,4,17,20,,,,,,,,,,,,,,,,0
791,3,0,10,0,17,0,,,,,,,,,,,,,,,,,,0
792,19,0,10,0,17,0,10,20,9,8,,,,,,,,,,,,,,1
793,19,0,10,8,,,,,,,,,,,,,,,,,,,,1
794,3,0,10,8,0,20,,,,,,,,,,,,,,,,,,0
795,19,0,10,20,,,,,,,,,,,,,,,,,,,,0
796,19,0,18,7,8,10,0,13,8,,,,,,,,,,,,,,,0
797,19,0,18,20,,,,,,,,,,,,,,,,,,,,0
798,3,0,18,20,,,,,,,,,,,,,,,,,,,,0
799,19,0,18,20,10,4,0,20,,,,,,,,,,,,,,,,0
800,19,0,18,20,10,4,17,20,,,,,,,,,,,,,,,,0
801,19,0,25,20,13,4,17,20,,,,,,,,,,,,,,,,0
802,19,0,3,0,,,,,,,,,,,,,,,,,,,,0
803,19,0,19,0,10,20,,,,,,,,,,,,,,,,,,0
804,19,0,2,7,8,,,,,,,,,,,,,,,,,,,0
805,19,0,19,18,20,,,,,,,,,,,,,,,,,,,0
806,19,0,19,18,20,,,,,,,,,,,,,,,,,,,0
807,19,0,18,18,4,8,,,,,,,,,,,,,,,,,,1
808,3,0,19,19,4,,,,,,,,,,,,,,,,,,,0
809,19,0,19,4,,,,,,,,,,,,,,,,,,,,1
810,3,0,19,4,,,,,,,,,,,,,,,,,,,,0
811,19,0,19,4,17,20,,,,,,,,,,,,,,,,,,0
812,19,0,19,14,4,,,,,,,,,,,,,,,,,,,0
813,19,0,19,14,4,,,,,,,,,,,,,,,,,,,1
814,19,0,19,14,4,1,0,,,,,,,,,,,,,,,,,0
815,19,0,19,14,4,17,20,,,,,,,,,,,,,,,,,0
816,19,0,13,14,12,14,18,7,8,8,,,,,,,,,,,,,,0
817,19,0,1,8,,,,,,,,,,,,,,,,,,,,1
818,19,0,1,4,12,14,13,14,24,0,,,,,,,,,,,,,,1
819,3,0,12,0,18,20,,,,,,,,,,,,,,,,,,0
820,19,0,12,0,17,20,,,,,,,,,,,,,,,,,,0
821,19,0,24,14,17,8,13,8,13,0,17,20,,,,,,,,,,,,0
822,19,0,22,0,0,,,,,,,,,,,,,,,,,,,1
823,3,0,13,,,,,,,,,,,,,,,,,,,,,0
824,19,0,13,6,14,,,,,,,,,,,,,,,,,,,1
825,19,0,13,9,20,13,,,,,,,,,,,,,,,,,,0
826,19,0,13,9,14,20,,,,,,,,,,,,,,,,,,1
827,3,0,13,19,0,8,18,7,0,18,7,8,13,,,,,,,,,,,1
828,19,0,13,2,7,14,20,,,,,,,,,,,,,,,,,0
829,3,0,13,19,14,20,,,,,,,,,,,,,,,,,,1
830,3,0,13,24,20,20,,,,,,,,,,,,,,,,,,1
831,3,0,13,17,0,10,20,,,,,,,,,,,,,,,,,1
832,2,7,8,8,25,20,,,,,,,,,,,,,,,,,,0
833,2,7,8,4,,,,,,,,,,,,,,,,,,,,1
834,2,7,4,18,20,,,,,,,,,,,,,,,,,,,1
835,2,7,8,6,0,8,,,,,,,,,,,,,,,,,,1
836,2,7,8,10,0,8,18,7,14,20,17,0,8,,,,,,,,,,,0
837,2,7,8,10,0,10,20,,,,,,,,,,,,,,,,,0
838,2,7,8,10,0,25,20,10,20,,,,,,,,,,,,,,,0
839,2,7,8,10,24,20,20,,,,,,,,,,,,,,,,,1
840,2,7,8,13,0,12,8,13,8,,,,,,,,,,,,,,,0
841,2,7,8,7,14,20,,,,,,,,,,,,,,,,,,1
842,2,7,0,8,12,20,,,,,,,,,,,,,,,,,,1
843,2,7,0,8,17,14,15,15,14,8,,,,,,,,,,,,,,0
844,2,7,0,13,19,14,,,,,,,,,,,,,,,,,,0
845,2,7,20,20,14,20,,,,,,,,,,,,,,,,,,1
846,2,7,20,20,10,0,-57,17,24,14,20,17,8,-56,,,,,,,,,,1
847,2,7,20,20,10,24,20,20,,,,,,,,,,,,,,,,1
848,2,7,20,20,10,14,18,7,0,,,,,,,,,,,,,,,1
849,2,7,20,20,9,20,13,,,,,,,,,,,,,,,,,1
850,2,7,20,20,18,7,14,20,19,4,10,8,,,,,,,,,,,,0
851,2,7,20,20,13,8,,,,,,,,,,,,,,,,,,0
852,2,7,20,20,12,14,10,20,,,,,,,,,,,,,,,,1
853,2,7,20,20,12,14,13,,,,,,,,,,,,,,,,,1
854,2,7,14,20,18,0,,,,,,,,,,,,,,,,,,1
855,2,7,14,20,9,8,10,0,13,,,,,,,,,,,,,,,1
856,2,7,14,20,9,14,20,,,,,,,,,,,,,,,,,1
857,2,7,14,20,18,4,13,,,,,,,,,,,,,,,,,1
858,2,7,14,10,10,4,8,,,,,,,,,,,,,,,,,1
859,2,7,14,19,19,14,18,7,8,19,0,,,,,,,,,,,,,0
860,2,7,8,17,8,,,,,,,,,,,,,,,,,,,1
861,2,7,8,13,15,0,13,9,8,8,,,,,,,,,,,,,,1
862,19,18,20,8,,,,,,,,,,,,,,,,,,,,0
863,19,18,20,8,3,4,13,8,-65,,,,,,,,,,,,,,,0
864,19,18,20,8,13,8,,,,,,,,,,,,,,,,,,0
865,19,18,20,20,10,8,13,,,,,,,,,,,,,,,,,1
866,19,18,20,20,9,8,17,20,,,,,,,,,,,,,,,,0
867,19,18,20,20,24,0,10,20,,,,,,,,,,,,,,,,1
868,19,18,20,10,0,12,0,4,17,20,,,,,,,,,,,,,,0
869,19,18,20,10,8,0,20,,,,,,,,,,,,,,,,,0
870,19,18,20,10,4,12,14,13,14,,,,,,,,,,,,,,,1
871,19,18,20,19,0,4,0,20,,,,,,,,,,,,,,,,0
872,19,18,20,25,20,10,4,17,20,,,,,,,,,,,,,,,0
873,19,18,20,13,0,6,0,17,20,,,,,,,,,,,,,,,0
874,19,18,20,13,0,6,20,,,,,,,,,,,,,,,,,0
875,19,18,20,13,0,6,4,17,20,,,,,,,,,,,,,,,0
876,19,18,20,13,0,12,8,,,,,,,,,,,,,,,,,1
877,15,15,14,8,,,,,,,,,,,,,,,,,,,,0
878,19,18,20,12,0,18,0,10,8,,,,,,,,,,,,,,,1
879,19,18,20,12,0,17,8,,,,,,,,,,,,,,,,,0
880,19,18,20,12,20,,,,,,,,,,,,,,,,,,,0
881,19,18,20,12,4,,,,,,,,,,,,,,,,,,,1
882,19,18,20,12,14,17,20,,,,,,,,,,,,,,,,,0
883,19,18,20,24,20,,,,,,,,,,,,,,,,,,,1
884,19,18,20,24,20,0,10,4,,,,,,,,,,,,,,,,1
885,19,18,20,24,14,12,0,17,20,,,,,,,,,,,,,,,0
886,19,18,20,24,14,12,8,,,,,,,,,,,,,,,,,1
887,19,18,20,24,14,12,4,17,20,,,,,,,,,,,,,,,0
888,19,18,20,17,0,8,,,,,,,,,,,,,,,,,,0
889,19,18,20,17,20,19,18,20,17,20,,,,,,,,,,,,,,0
890,3,4,0,20,,,,,,,,,,,,,,,,,,,,0
891,19,4,8,0,13,,,,,,,,,,,,,,,,,,,1
892,3,8,8,10,4,4,,,,,,,,,,,,,,,,,,1
893,3,8,25,20,13,8,8,17,0,13,3,14,,,,,,,,,,,,1
894,19,4,8,3,14,,,,,,,,,,,,,,,,,,,1
895,19,4,4,12,0,,,,,,,,,,,,,,,,,,,1
896,19,4,4,12,0,15,0,0,10,20,,,,,,,,,,,,,,1
897,19,4,6,0,13,14,1,8,17,20,,,,,,,,,,,,,,0
898,3,4,10,8,0,6,0,17,20,,,,,,,,,,,,,,,0
899,3,4,10,8,6,14,19,14,,,,,,,,,,,,,,,,1
900,19,4,10,8,18,4,8,,,,,,,,,,,,,,,,,1
901,19,4,10,8,19,14,20,13,8,,,,,,,,,,,,,,,0
902,19,4,10,20,1,8,,,,,,,,,,,,,,,,,,1
903,3,4,25,0,0,19,14,,,,,,,,,,,,,,,,,1
904,3,4,25,0,8,13,0,0,,,,,,,,,,,,,,,,1
905,19,4,18,20,20,17,24,14,20,,,,,,,,,,,,,,,1
906,3,4,18,20,10,4,17,4,3,14,12,14,,,,,,,,,,,,0
907,19,4,19,18,20,6,0,10,20,18,7,0,,,,,,,,,,,,1
908,19,4,19,18,20,6,0,10,20,19,4,10,8,,,,,,,,,,,0
909,19,4,19,18,20,3,14,20,,,,,,,,,,,,,,,,1
910,19,4,19,18,20,24,0,,,,,,,,,,,,,,,,,1
911,19,4,13,8,8,17,4,17,20,,,,,,,,,,,,,,,0
912,19,4,13,8,7,0,8,17,20,,,,,,,,,,,,,,,0
913,3,4,12,0,4,,,,,,,,,,,,,,,,,,,1
914,19,4,13,,,,,,,,,,,,,,,,,,,,,1
915,19,4,13,-58,8,13,,,,,,,,,,,,,,,,,,1
916,3,4,13,10,24,20,20,,,,,,,,,,,,,,,,,1
917,3,4,13,6,14,13,,,,,,,,,,,,,,,,,,1
918,19,4,13,9,8,,,,,,,,,,,,,,,,,,,1
919,19,4,13,9,8,9,14,20,,,,,,,,,,,,,,,,1
920,19,4,13,18,7,14,10,20,,,,,,,,,,,,,,,,1
921,19,4,13,9,8,13,18,0,12,0,,,,,,,,,,,,,,1
922,19,4,13,18,20,20,,,,,,,,,,,,,,,,,,1
923,3,4,13,2,7,20,20,,,,,,,,,,,,,,,,,1
924,19,4,13,12,4,19,18,20,,,,,,,,,,,,,,,,1
925,3,4,13,17,24,14,10,20,6,0,8,18,7,0,,,,,,,,,,1
926,3,14,,,,,,,,,,,,,,,,,,,,,,0
927,19,14,20,,,,,,,,,,,,,,,,,,,,,0
928,19,14,20,0,13,24,14,20,18,7,8,,,,,,,,,,,,,1
929,19,14,20,10,0,8,,,,,,,,,,,,,,,,,,1
930,19,14,20,10,24,14,20,19,0,22,0,22,0,0,,,,,,,,,,1
931,19,14,20,9,8,,,,,,,,,,,,,,,,,,,1
932,3,14,20,18,7,8,,,,,,,,,,,,,,,,,,0
933,3,14,20,9,8,13,8,,,,,,,,,,,,,,,,,0
934,3,14,20,18,7,8,24,14,20,12,14,13,0,8,,,,,,,,,,0
935,19,14,20,25,4,13,,,,,,,,,,,,,,,,,,0
936,3,14,20,24,0,17,0,,,,,,,,,,,,,,,,,0
937,19,14,20,24,14,20,,,,,,,,,,,,,,,,,,1
938,3,14,20,24,14,20,13,8,,,,,,,,,,,,,,,,0
939,3,14,20,17,24,14,20,,,,,,,,,,,,,,,,,1
940,3,14,20,17,14,,,,,,,,,,,,,,,,,,,1
941,19,14,14,10,20,,,,,,,,,,,,,,,,,,,1
942,19,14,14,18,20,,,,,,,,,,,,,,,,,,,0
943,3,14,14,12,20,10,24,20,20,9,14,20,,,,,,,,,,,,1
944,3,14,14,17,8,,,,,,,,,,,,,,,,,,,0
945,19,14,10,0,8,,,,,,,,,,,,,,,,,,,1
946,3,14,10,8,19,19,14,,,,,,,,,,,,,,,,,0
947,3,14,10,8,3,14,10,8,,,,,,,,,,,,,,,,0
948,3,14,10,24,20,12,4,13,19,0,17,8,8,,,,,,,,,,,1
949,19,14,10,20,8,,,,,,,,,,,,,,,,,,,0
950,19,14,10,20,18,7,20,,,,,,,,,,,,,,,,,1
951,19,14,10,20,18,7,20,20,,,,,,,,,,,,,,,,1
952,3,14,10,20,18,7,14,,,,,,,,,,,,,,,,,1
953,19,14,10,20,2,7,14,20,,,,,,,,,,,,,,,,1
954,19,14,6,4,,,,,,,,,,,,,,,,,,,,1
955,19,14,10,4,17,20,,,,,,,,,,,,,,,,,,0
956,3,14,10,14,12,14,,,,,,,,,,,,,,,,,,1
957,19,14,10,14,17,14,,,,,,,,,,,,,,,,,,1
958,19,14,10,14,17,14,6,0,,,,,,,,,,,,,,,,0
959,19,14,25,0,13,,,,,,,,,,,,,,,,,,,1
960,19,14,18,7,8,,,,,,,,,,,,,,,,,,,1
961,19,14,18,7,8,,,,,,,,,,,,,,,,,,,1
962,19,14,9,8,10,14,12,14,17,20,,,,,,,,,,,,,,0
963,19,14,18,7,8,24,14,17,8,,,,,,,,,,,,,,,1
964,19,14,18,7,8,13,,,,,,,,,,,,,,,,,,1
965,19,14,2,7,20,20,,,,,,,,,,,,,,,,,,1
966,3,14,2,7,8,17,0,10,0,19,14,8,20,19,14,,,,,,,,,0
967,3,14,2,7,8,17,0,10,0,19,14,8,4,1,0,,,,,,,,,0
968,3,14,10,10,0,8,,,,,,,,,,,,,,,,,,1
969,19,14,15,15,20,,,,,,,,,,,,,,,,,,,1
970,19,14,19,4,12,14,,,,,,,,,,,,,,,,,,0
971,19,14,13,8,10,0,10,20,,,,,,,,,,,,,,,,0
972,19,14,1,0,18,20,,,,,,,,,,,,,,,,,,0
973,19,14,1,8,0,6,0,17,20,,,,,,,,,,,,,,,0
974,19,14,1,8,3,0,18,20,,,,,,,,,,,,,,,,0
975,19,14,1,20,,,,,,,,,,,,,,,,,,,,0
976,3,14,1,14,10,20,-57,10,14,20,6,0,10,20,-56,,,,,,,,,1
977,19,14,12,14,13,8,,,,,,,,,,,,,,,,,,0
978,19,14,17,0,,,,,,,,,,,,,,,,,,,,1
979,19,14,17,8,18,7,8,12,0,17,8,,,,,,,,,,,,,1
980,19,14,17,8,10,10,20,0,0,19,14,,,,,,,,,,,,,1
981,3,14,17,24,14,10,20,,,,,,,,,,,,,,,,,1
982,19,14,17,20,,,,,,,,,,,,,,,,,,,,0
983,3,14,17,20,,,,,,,,,,,,,,,,,,,,1
984,19,14,17,4,4,13,8,13,6,20,,,,,,,,,,,,,,1
985,3,14,17,4,18,20,,,,,,,,,,,,,,,,,,1
986,3,14,17,4,12,14,,,,,,,,,,,,,,,,,,1
987,19,14,13,3,4,12,14,13,0,8,,,,,,,,,,,,,,0
988,3,14,13,3,14,13,,,,,,,,,,,,,,,,,,0
989,13,0,8,24,14,20,,,,,,,,,,,,,,,,,,1
990,13,0,6,0,18,20,,,,,,,,,,,,,,,,,,0
991,13,0,6,0,18,14,3,4,,,,,,,,,,,,,,,,1
992,13,0,6,0,19,0,1,8,,,,,,,,,,,,,,,,1
993,13,0,10,0,12,8,,,,,,,,,,,,,,,,,,1
994,13,0,10,0,24,20,1,8,,,,,,,,,,,,,,,,1
995,13,0,10,0,24,14,10,20,,,,,,,,,,,,,,,,0
996,13,0,6,0,17,4,,,,,,,,,,,,,,,,,,1
997,13,0,6,0,17,4,17,20,,,,,,,,,,,,,,,,0
998,13,0,10,20,,,,,,,,,,,,,,,,,,,,0
999,13,0,10,20,18,20,,,,,,,,,,,,,,,,,,0
1000,13,0,6,20,17,8,0,20,,,,,,,,,,,,,,,,0
1001,13,0,6,20,17,20,,,,,,,,,,,,,,,,,,0
1002,13,0,19,18,20,10,0,18,7,8,8,,,,,,,,,,,,,0
1003,13,0,19,19,14,20,,,,,,,,,,,,,,,,,,1
1004,13,0,19,19,14,10,20,,,,,,,,,,,,,,,,,1
1005,13,0,19,18,20,24,0,18,20,12,8,,,,,,,,,,,,,1
1006,13,0,13,0,12,4,,,,,,,,,,,,,,,,,,1
1007,13,0,13,8,24,14,17,8,12,14,,,,,,,,,,,,,,0
1008,13,0,12,0,,,,,,,,,,,,,,,,,,,,1
1009,13,0,12,0,19,0,12,0,6,14,,,,,,,,,,,,,,1
1010,13,0,24,0,12,8,,,,,,,,,,,,,,,,,,1
1011,13,0,24,0,12,20,,,,,,,,,,,,,,,,,,0
1012,13,0,17,0,18,20,,,,,,,,,,,,,,,,,,0
1013,13,0,17,20,,,,,,,,,,,,,,,,,,,,0
1014,13,0,17,20,7,14,3,14,,,,,,,,,,,,,,,,0
1015,13,0,13,10,24,14,10,20,,,,,,,,,,,,,,,,1
1016,13,0,13,3,4,12,14,13,0,8,,,,,,,,,,,,,,0
1017,13,0,13,19,14,10,0,18,20,17,20,,,,,,,,,,,,,0
1018,13,0,13,19,14,10,0,13,0,17,20,,,,,,,,,,,,,0
1019,13,0,13,19,14,13,0,10,20,,,,,,,,,,,,,,,0
1020,13,0,13,1,14,10,20,,,,,,,,,,,,,,,,,1
1021,13,8,0,20,,,,,,,,,,,,,,,,,,,,0
1022,13,8,6,0,14,4,,,,,,,,,,,,,,,,,,1
1023,13,8,6,0,19,4,,,,,,,,,,,,,,,,,,0
1024,13,8,6,0,12,8,,,,,,,,,,,,,,,,,,1
1025,13,8,6,8,17,8,10,14,1,20,18,7,8,,,,,,,,,,,1
1026,13,8,6,8,17,20,,,,,,,,,,,,,,,,,,0
1027,13,8,10,14,13,8,10,14,,,,,,,,,,,,,,,,0
1028,13,8,18,0,13,10,0,19,0,13,18,14,,,,,,,,,,,,1
1029,13,8,18,4,12,14,13,14,,,,,,,,,,,,,,,,1
1030,13,8,7,14,13,10,0,8,,,,,,,,,,,,,,,,1
1031,13,8,7,14,13,18,7,20,,,,,,,,,,,,,,,,1
1032,13,8,7,14,13,9,20,20,,,,,,,,,,,,,,,,1
1033,13,8,24,0,13,8,24,0,,,,,,,,,,,,,,,,0
1034,13,24,20,20,6,0,10,20,10,8,13,,,,,,,,,,,,,1
1035,13,24,20,20,18,7,0,,,,,,,,,,,,,,,,,1
1036,13,24,20,20,18,7,0,18,7,8,10,8,,,,,,,,,,,,1
1037,13,24,20,20,9,14,20,18,7,0,,,,,,,,,,,,,,1
1038,13,24,20,20,9,14,20,17,24,14,20,,,,,,,,,,,,,1
1039,13,8,17,20,,,,,,,,,,,,,,,,,,,,0
1040,13,8,17,20,,,,,,,,,,,,,,,,,,,,0
1041,13,8,13,6,4,13,,,,,,,,,,,,,,,,,,1
1042,13,8,13,12,0,4,,,,,,,,,,,,,,,,,,0
1043,13,20,18,20,12,20,,,,,,,,,,,,,,,,,,0
1044,13,20,13,14,,,,,,,,,,,,,,,,,,,,1
1045,13,20,17,20,,,,,,,,,,,,,,,,,,,,0
1046,13,4,0,6,0,17,8,,,,,,,,,,,,,,,,,1
1047,13,4,18,0,6,0,17,8,,,,,,,,,,,,,,,,1
1048,13,4,25,20,12,8,,,,,,,,,,,,,,,,,,1
1049,13,4,10,10,20,17,4,18,20,,,,,,,,,,,,,,,1
1050,13,4,13,3,0,8,,,,,,,,,,,,,,,,,,0
1051,13,4,13,12,0,19,18,20,,,,,,,,,,,,,,,,1
1052,13,4,13,17,4,8,,,,,,,,,,,,,,,,,,1
1053,13,14,20,6,24,14,20,,,,,,,,,,,,,,,,,1
1054,13,14,20,3,14,,,,,,,,,,,,,,,,,,,1
1055,13,14,10,14,18,20,,,,,,,,,,,,,,,,,,0
1056,13,14,18,4,17,20,,,,,,,,,,,,,,,,,,0
1057,13,14,18,4,17,20,,,,,,,,,,,,,,,,,,0
1058,13,14,25,14,10,20,,,,,,,,,,,,,,,,,,0
1059,13,14,1,0,18,20,,,,,,,,,,,,,,,,,,0
1060,13,14,1,0,18,20,,,,,,,,,,,,,,,,,,0
1061,13,14,7,0,17,0,,,,,,,,,,,,,,,,,,1
1062,13,14,1,8,17,20,,,,,,,,,,,,,,,,,,0
1063,13,14,1,8,17,20,,,,,,,,,,,,,,,,,,0
1064,13,14,1,14,17,20,,,,,,,,,,,,,,,,,,0
1065,13,14,17,8,,,,,,,,,,,,,,,,,,,,1
1066,13,14,17,8,18,20,6,14,18,20,,,,,,,,,,,,,,1
1067,13,14,17,20,,,,,,,,,,,,,,,,,,,,0
1068,13,14,13,10,8,,,,,,,,,,,,,,,,,,,0
1069,13,14,13,1,8,17,8,,,,,,,,,,,,,,,,,0
1070,1,0,0,6,4,13,18,4,4,17,20,,,,,,,,,,,,,1
1071,15,0,0,18,4,13,19,14,,,,,,,,,,,,,,,,1
1072,15,0,0,19,14,13,0,0,,,,,,,,,,,,,,,,1
1073,1,0,8,,,,,,,,,,,,,,,,,,,,,1
1074,7,0,8,8,17,14,,,,,,,,,,,,,,,,,,1
1075,1,0,8,20,,,,,,,,,,,,,,,,,,,,1
1076,1,0,8,10,8,13,6,20,,,,,,,,,,,,,,,,1
1077,1,0,8,10,20,,,,,,,,,,,,,,,,,,,1
1078,7,0,8,19,4,10,20,-57,18,0,8,6,24,14,20,-56,,,,,,,,1
1079,7,0,8,24,20,20,,,,,,,,,,,,,,,,,,1
1080,7,0,4,17,20,,,,,,,,,,,,,,,,,,,0
1081,7,0,10,0,,,,,,,,,,,,,,,,,,,,1
1082,1,0,10,0,,,,,,,,,,,,,,,,,,,,1
1083,7,0,6,0,18,20,,,,,,,,,,,,,,,,,,0
1084,1,0,10,0,17,0,18,7,8,8,,,,,,,,,,,,,,0
1085,7,0,10,20,29,10,0,,,,,,,,,,,,,,,,,0
1086,7,0,10,20,18,7,8,10,0,19,4,8,,,,,,,,,,,,1
1087,7,0,10,20,18,7,20,,,,,,,,,,,,,,,,,1
1088,7,0,6,4,18,7,8,8,,,,,,,,,,,,,,,,0
1089,7,0,25,0,0,3,14,17,0,13,15,20,,,,,,,,,,,,1
1090,7,0,9,8,12,4,7,0,,,,,,,,,,,,,,,,0
1091,7,0,9,8,12,4,17,20,,,,,,,,,,,,,,,,0
1092,1,0,18,20,10,4,19,19,14,1,14,14,17,20,,,,,,,,,,1
1093,7,0,25,20,17,4,17,20,,,,,,,,,,,,,,,,0
1094,7,0,3,0,,,,,,,,,,,,,,,,,,,,1
1095,7,0,19,0,10,4,,,,,,,,,,,,,,,,,,1
1096,7,0,19,0,17,0,10,8,,,,,,,,,,,,,,,,1
1097,7,0,10,10,8,17,8,18,20,17,20,,,,,,,,,,,,,0
1098,7,0,18,18,4,8,,,,,,,,,,,,,,,,,,1
1099,7,0,19,19,4,13,,,,,,,,,,,,,,,,,,1
1100,7,0,3,4,,,,,,,,,,,,,,,,,,,,0
1101,7,0,19,14,,,,,,,,,,,,,,,,,,,,1
1102,7,0,13,0,,,,,,,,,,,,,,,,,,,,1
1103,7,0,13,0,18,7,8,0,20,,,,,,,,,,,,,,,0
1104,7,0,13,0,18,7,8,10,0,10,4,17,20,,,,,,,,,,,0
1105,7,0,13,0,18,20,,,,,,,,,,,,,,,,,,0
1106,1,0,13,0,13,0,,,,,,,,,,,,,,,,,,1
1107,7,0,13,0,17,4,17,20,,,,,,,,,,,,,,,,0
1108,7,0,13,4,,,,,,,,,,,,,,,,,,,,1
1109,7,0,1,0,,,,,,,,,,,,,,,,,,,,1
1110,7,0,12,0,17,20,,,,,,,,,,,,,,,,,,0
1111,1,0,12,4,13,,,,,,,,,,,,,,,,,,,1
1112,7,0,17,0,,,,,,,,,,,,,,,,,,,,1
1113,1,0,17,0,,,,,,,,,,,,,,,,,,,,1
1114,7,0,17,0,6,0,19,0,19,18,20,,,,,,,,,,,,,0
1115,7,0,17,0,7,0,17,0,,,,,,,,,,,,,,,,0
1116,15,0,17,0,15,0,17,0,,,,,,,,,,,,,,,,0
1117,15,0,17,4,4,3,14,,,,,,,,,,,,,,,,,1
1118,1,0,17,4,4,1,14,14,17,20,,,,,,,,,,,,,,1
1119,7,0,13,6,0,10,20,,,,,,,,,,,,,,,,,1
1120,7,0,13,10,4,8,,,,,,,,,,,,,,,,,,1
1121,1,0,13,10,14,10,20,7,0,10,20,17,0,13,10,0,8,,,,,,,1
1122,7,0,13,18,20,17,20,,,,,,,,,,,,,,,,,0
1123,7,0,13,18,14,3,4,,,,,,,,,,,,,,,,,1
1124,15,0,13,3,0,,,,,,,,,,,,,,,,,,,1
1125,7,0,13,19,0,8,13,8,,,,,,,,,,,,,,,,0
1126,7,0,13,3,0,13,,,,,,,,,,,,,,,,,,1
1127,7,0,13,3,14,17,20,,,,,,,,,,,,,,,,,1
1128,7,0,13,13,8,13,,,,,,,,,,,,,,,,,,1
1129,7,0,13,13,14,20,,,,,,,,,,,,,,,,,,1
1130,7,0,13,1,0,0,6,0,0,,,,,,,,,,,,,,,1
1131,7,8,,,,,,,,,,,,,,,,,,,,,,0
1132,7,8,0,19,0,17,8,,,,,,,,,,,,,,,,,1
1133,7,8,6,0,8,,,,,,,,,,,,,,,,,,,1
1134,7,8,6,0,4,17,8,,,,,,,,,,,,,,,,,1
1135,7,8,10,0,17,8,,,,,,,,,,,,,,,,,,1
1136,7,8,10,0,13,19,4,10,8,,,,,,,,,,,,,,,0
1137,7,8,10,8,,,,,,,,,,,,,,,,,,,,0
1138,7,8,10,8,20,10,4,17,20,,,,,,,,,,,,,,,0
1139,7,8,10,20,,,,,,,,,,,,,,,,,,,,0
1140,7,8,10,20,,,,,,,,,,,,,,,,,,,,0
1141,7,8,10,20,,,,,,,,,,,,,,,,,,,,0
1142,7,8,6,4,,,,,,,,,,,,,,,,,,,,1
1143,7,8,6,14,17,14,,,,,,,,,,,,,,,,,,1
1144,7,8,25,0,,,,,,,,,,,,,,,,,,,,1
1145,15,8,25,0,,,,,,,,,,,,,,,,,,,,1
1146,7,8,9,8,,,,,,,,,,,,,,,,,,,,1
1147,1,8,9,20,19,18,20,10,0,13,,,,,,,,,,,,,,1
1148,7,8,9,14,20,13,8,,,,,,,,,,,,,,,,,0
1149,7,8,9,14,20,1,4,17,20,,,,,,,,,,,,,,,1
1150,7,8,19,0,8,,,,,,,,,,,,,,,,,,,1
1151,1,8,19,0,12,8,13,18,7,8,8,,,,,,,,,,,,,1
1152,7,8,10,10,8,18,7,8,10,4,13,,,,,,,,,,,,,1
1153,7,8,19,19,14,-65,,,,,,,,,,,,,,,,,,1
1154,7,8,19,14,0,13,18,7,8,13,,,,,,,,,,,,,,1
1155,7,8,3,14,8,12,4,13,8,0,20,,,,,,,,,,,,,0
1156,7,8,19,14,18,0,18,7,8,24,20,1,8,,,,,,,,,,,1
1157,7,8,19,14,19,0,2,7,8,,,,,,,,,,,,,,,1
1158,7,8,19,14,1,0,13,9,20,20,,,,,,,,,,,,,,1
1159,7,8,19,14,17,8,6,20,17,0,18,7,8,,,,,,,,,,,1
1160,7,8,13,14,3,4,,,,,,,,,,,,,,,,,,1
1161,1,24,20,20,1,24,20,20,,,,,,,,,,,,,,,,0
1162,7,24,14,20,6,4,13,,,,,,,,,,,,,,,,,1
1163,7,24,14,20,9,8,,,,,,,,,,,,,,,,,,1
1164,1,8,24,14,20,18,7,8,,,,,,,,,,,,,,,,1
1165,1,24,14,20,3,14,20,,,,,,,,,,,,,,,,,0
1166,7,8,17,14,6,0,17,20,,,,,,,,,,,,,,,,0
1167,7,8,17,14,6,4,17,20,,,,,,,,,,,,,,,,0
1168,7,8,17,14,12,0,17,20,,,,,,,,,,,,,,,,0
1169,7,8,17,14,12,4,17,20,,,,,,,,,,,,,,,,0
1170,15,8,13,10,20,,,,,,,,,,,,,,,,,,,1
1171,7,8,13,18,7,8,19,18,20,,,,,,,,,,,,,,,1
1172,1,20,0,8,18,14,20,,,,,,,,,,,,,,,,,0
1173,5,20,0,13,,,,,,,,,,,,,,,,,,,,0
1174,5,20,20,,,,,,,,,,,,,,,,,,,,,1
1175,5,20,20,10,4,8,,,,,,,,,,,,,,,,,,1
1176,5,20,20,5,20,,,,,,,,,,,,,,,,,,,1
1177,5,20,10,0,8,,,,,,,,,,,,,,,,,,,0
1178,5,20,10,0,12,0,17,20,,,,,,,,,,,,,,,,0
1179,5,20,10,0,12,8,,,,,,,,,,,,,,,,,,1
1180,5,20,10,0,12,4,17,20,,,,,,,,,,,,,,,,0
1181,5,20,10,20,,,,,,,,,,,,,,,,,,,,0
1182,5,20,10,20,,,,,,,,,,,,,,,,,,,,1
1183,5,20,10,20,18,14,20,,,,,,,,,,,,,,,,,0
1184,5,20,10,20,12,20,,,,,,,,,,,,,,,,,,0
1185,5,20,10,20,12,4,17,20,,,,,,,,,,,,,,,,0
1186,5,20,18,7,8,6,8,,,,,,,,,,,,,,,,,0
1187,5,20,9,8,18,0,13,,,,,,,,,,,,,,,,,1
1188,1,20,9,8,13,8,,,,,,,,,,,,,,,,,,0
1189,5,20,9,8,24,20,20,,,,,,,,,,,,,,,,,0
1190,5,20,9,8,13,,,,,,,,,,,,,,,,,,,1
1191,5,20,18,7,8,13,18,4,19,18,20,,,,,,,,,,,,,0
1192,1,20,18,14,10,20,,,,,,,,,,,,,,,,,,1
1193,5,20,19,0,6,14,,,,,,,,,,,,,,,,,,1
1194,1,20,19,0,13,8,10,20,,,,,,,,,,,,,,,,1
1195,5,20,3,0,13,,,,,,,,,,,,,,,,,,,0
1196,5,20,2,7,20,20,8,,,,,,,,,,,,,,,,,1
1197,1,20,2,7,14,20,,,,,,,,,,,,,,,,,,1
1198,1,20,19,18,20,10,4,17,20,,,,,,,,,,,,,,,0
1199,1,20,19,18,20,17,8,,,,,,,,,,,,,,,,,1
1200,5,20,13,4,,,,,,,,,,,,,,,,,,,,1
1201,1,20,1,20,13,,,,,,,,,,,,,,,,,,,1
1202,1,20,17,0,20,13,,,,,,,,,,,,,,,,,,1
1203,15,20,17,0,18,20,,,,,,,,,,,,,,,,,,1
1204,1,20,17,0,10,10,20,,,,,,,,,,,,,,,,,1
1205,1,20,17,0,1,20,17,0,,,,,,,,,,,,,,,,0
1206,1,20,17,0,13,3,14,,,,,,,,,,,,,,,,,1
1207,1,20,17,0,13,3,14,12,14,13,14,,,,,,,,,,,,,1
1208,5,20,17,8,10,0,4,17,20,,,,,,,,,,,,,,,0
1209,5,20,17,8,12,20,10,20,,,,,,,,,,,,,,,,0
1210,5,20,17,20,,,,,,,,,,,,,,,,,,,,0
1211,1,20,17,20,20,,,,,,,,,,,,,,,,,,,1
1212,5,20,17,20,20,19,18,20,,,,,,,,,,,,,,,,1
1213,1,20,17,20,20,1,4,17,8,8,,,,,,,,,,,,,,1
1214,5,20,17,20,18,0,19,14,,,,,,,,,,,,,,,,1
1215,5,20,17,20,7,14,13,24,0,,,,,,,,,,,,,,,1
1216,1,20,17,4,4,10,8,,,,,,,,,,,,,,,,,1
1217,15,20,17,14,,,,,,,,,,,,,,,,,,,,1
1218,5,20,13,10,0,,,,,,,,,,,,,,,,,,,1
1219,1,20,13,10,4,8,,,,,,,,,,,,,,,,,,1
1220,1,20,13,10,4,8,,,,,,,,,,,,,,,,,,1
1221,1,20,13,18,7,20,20,,,,,,,,,,,,,,,,,1
1222,1,20,13,18,7,14,20,,,,,,,,,,,,,,,,,1
1223,1,20,13,13,14,,,,,,,,,,,,,,,,,,,0
1224,1,20,13,24,0,,,,,,,,,,,,,,,,,,,1
1225,7,4,0,18,20,19,0,8,17,20,,,,,,,,,,,,,,1
1226,7,4,8,10,8,13,,,,,,,,,,,,,,,,,,1
1227,7,4,8,13,4,13,,,,,,,,,,,,,,,,,,1
1228,7,4,8,12,4,13,,,,,,,,,,,,,,,,,,1
1229,1,4,19,18,20,,,,,,,,,,,,,,,,,,,1
1230,15,4,19,19,14,1,14,19,14,17,20,,,,,,,,,,,,,1
1231,7,4,3,3,14,17,0,8,19,14,,,,,,,,,,,,,,1
1232,1,4,19,18,20,13,8,,,,,,,,,,,,,,,,,0
1233,7,4,17,0,18,20,,,,,,,,,,,,,,,,,,0
1234,15,4,17,0,15,4,17,0,,,,,,,,,,,,,,,,0
1235,1,4,17,0,13,3,0,,,,,,,,,,,,,,,,,1
1236,7,4,17,8,10,14,15,20,19,0,0,,,,,,,,,,,,,1
1237,1,4,17,20,,,,,,,,,,,,,,,,,,,,1
1238,1,4,17,20,19,14,,,,,,,,,,,,,,,,,,1
1239,7,4,13,10,0,,,,,,,,,,,,,,,,,,,1
1240,15,4,13,10,8,,,,,,,,,,,,,,,,,,,1
1241,7,4,13,10,14,20,,,,,,,,,,,,,,,,,,1
1242,1,4,13,2,7,8,,,,,,,,,,,,,,,,,,1
1243,7,4,13,15,8,13,,,,,,,,,,,,,,,,,,1
1244,7,14,20,,,,,,,,,,,,,,,,,,,,,1
1245,7,14,20,,,,,,,,,,,,,,,,,,,,,1
1246,1,14,20,,,,,,,,,,,,,,,,,,,,,1
1247,7,14,20,6,4,13,,,,,,,,,,,,,,,,,,1
1248,7,14,20,18,7,20,20,,,,,,,,,,,,,,,,,1
1249,7,14,4,17,20,,,,,,,,,,,,,,,,,,,0
1250,7,14,14,,,,,,,,,,,,,,,,,,,,,1
1251,7,14,14,12,20,,,,,,,,,,,,,,,,,,,1
1252,7,14,6,0,17,0,10,0,,,,,,,,,,,,,,,,0
1253,7,14,18,20,,,,,,,,,,,,,,,,,,,,0
1254,7,14,18,14,13,0,6,0,8,,,,,,,,,,,,,,,0
1255,7,14,19,19,14,3,14,6,6,20,,,,,,,,,,,,,,1
1256,1,14,3,8,,,,,,,,,,,,,,,,,,,,1
1257,1,14,3,8,17,0,13,6,4,4,9,8,,,,,,,,,,,,1
1258,7,14,12,4,17,20,,,,,,,,,,,,,,,,,,0
1259,7,14,22,0,8,19,14,,,,,,,,,,,,,,,,,1
1260,7,14,13,19,14,20,7,0,,,,,,,,,,,,,,,,0
1261,7,14,13,13,8,13,,,,,,,,,,,,,,,,,,1
1262,7,14,13,13,14,,,,,,,,,,,,,,,,,,,0
1263,7,14,13,1,20,13,,,,,,,,,,,,,,,,,,1
1264,15,14,13,15,14,13,,,,,,,,,,,,,,,,,,0
1265,7,14,13,12,14,13,14,,,,,,,,,,,,,,,,,1
1266,7,14,13,17,0,8,,,,,,,,,,,,,,,,,,1
1267,12,0,0,12,0,0,,,,,,,,,,,,,,,,,,0
1268,12,0,8,13,0,18,20,,,,,,,,,,,,,,,,,1
1269,12,0,4,12,14,19,19,4,,,,,,,,,,,,,,,,0
1270,12,0,10,0,18,4,17,20,,,,,,,,,,,,,,,,0
1271,12,0,18,0,10,0,,,,,,,,,,,,,,,,,,0
1272,12,0,18,0,13,8,,,,,,,,,,,,,,,,,,0
1273,12,0,18,7,8,,,,,,,,,,,,,,,,,,,0
1274,12,0,18,20,12,0,18,20,,,,,,,,,,,,,,,,0
1275,12,0,19,0,,,,,,,,,,,,,,,,,,,,0
1276,12,0,2,7,8,,,,,,,,,,,,,,,,,,,1
1277,12,0,2,7,8,0,22,0,18,4,,,,,,,,,,,,,,1
1278,12,0,2,7,8,6,0,20,,,,,,,,,,,,,,,,0
1279,12,0,2,7,8,9,20,20,,,,,,,,,,,,,,,,1
1280,12,0,10,10,0,,,,,,,,,,,,,,,,,,,0
1281,12,0,10,10,20,17,14,,,,,,,,,,,,,,,,,0
1282,12,0,18,18,0,0,9,8,,,,,,,,,,,,,,,,1
1283,12,0,18,18,0,14,,,,,,,,,,,,,,,,,,0
1284,12,0,18,18,7,8,17,14,,,,,,,,,,,,,,,,0
1285,12,0,19,19,0,10,20,,,,,,,,,,,,,,,,,0
1286,12,0,19,19,0,10,20,,,,,,,,,,,,,,,,,0
1287,12,0,13,0,0,,,,,,,,,,,,,,,,,,,1
1288,12,0,13,0,19,18,20,,,,,,,,,,,,,,,,,1
1289,12,0,13,0,1,20,,,,,,,,,,,,,,,,,,0
1290,12,0,24,14,20,,,,,,,,,,,,,,,,,,,0
1291,12,0,17,20,,,,,,,,,,,,,,,,,,,,0
1292,12,0,17,20,8,,,,,,,,,,,,,,,,,,,0
1293,12,0,17,20,3,4,,,,,,,,,,,,,,,,,,0
1294,12,0,17,20,12,8,,,,,,,,,,,,,,,,,,1
1295,12,0,13,-58,8,13,,,,,,,,,,,,,,,,,,1
1296,12,0,13,6,0,,,,,,,,,,,,,,,,,,,1
1297,12,0,13,25,0,8,,,,,,,,,,,,,,,,,,1
1298,12,0,13,18,7,8,19,18,20,,,,,,,,,,,,,,,1
1299,12,0,13,18,7,0,,,,,,,,,,,,,,,,,,1
1300,12,0,13,25,14,10,20,,,,,,,,,,,,,,,,,1
1301,12,0,13,25,14,10,20,10,0,13,,,,,,,,,,,,,,1
1302,12,8,,,,,,,,,,,,,,,,,,,,,,0
1303,12,8,10,0,10,4,17,20,,,,,,,,,,,,,,,,0
1304,12,8,18,20,,,,,,,,,,,,,,,,,,,,1
1305,12,8,25,20,20,12,8,,,,,,,,,,,,,,,,,0
1306,12,8,25,20,6,8,,,,,,,,,,,,,,,,,,1
1307,12,8,25,20,15,15,14,8,,,,,,,,,,,,,,,,0
1308,12,8,18,14,18,7,8,17,20,,,,,,,,,,,,,,,1
1309,12,8,19,0,8,,,,,,,,,,,,,,,,,,,0
1310,12,8,2,7,8,1,8,10,20,,,,,,,,,,,,,,,0
1311,12,8,19,18,20,12,4,0,20,,,,,,,,,,,,,,,0
1312,12,8,19,14,12,4,17,20,,,,,,,,,,,,,,,,0
1313,12,8,3,14,17,8,,,,,,,,,,,,,,,,,,1
1314,12,8,13,8,19,18,20,10,20,,,,,,,,,,,,,,,0
1315,12,8,13,8,19,18,20,10,4,17,20,,,,,,,,,,,,,0
1316,12,24,20,20,9,8,18,7,0,13,,,,,,,,,,,,,,1
1317,12,20,10,8,,,,,,,,,,,,,,,,,,,,0
1318,12,20,10,20,,,,,,,,,,,,,,,,,,,,0
1319,12,20,10,4,17,20,,,,,,,,,,,,,,,,,,0
1320,12,20,18,7,8,,,,,,,,,,,,,,,,,,,1
1321,12,20,18,7,8,17,14,,,,,,,,,,,,,,,,,0
1322,12,20,18,20,,,,,,,,,,,,,,,,,,,,0
1323,12,20,18,20,1,8,19,18,20,10,4,17,20,,,,,,,,,,,0
1324,12,20,2,7,20,20,,,,,,,,,,,,,,,,,,1
1325,12,20,12,4,8,,,,,,,,,,,,,,,,,,,1
1326,12,20,17,0,9,20,20,,,,,,,,,,,,,,,,,1
1327,12,20,17,8,13,8,,,,,,,,,,,,,,,,,,0
1328,12,4,,,,,,,,,,,,,,,,,,,,,,0
1329,12,4,8,6,4,13,,,,,,,,,,,,,,,,,,1
1330,12,4,8,22,0,10,20,,,,,,,,,,,,,,,,,1
1331,12,4,8,22,0,10,20,18,20,17,20,,,,,,,,,,,,,0
1332,12,4,4,10,0,0,,,,,,,,,,,,,,,,,,1
1333,12,4,4,17,20,,,,,,,,,,,,,,,,,,,1
1334,12,4,6,0,13,0,8,,,,,,,,,,,,,,,,,0
1335,12,4,25,0,18,20,,,,,,,,,,,,,,,,,,0
1336,12,4,9,0,0,17,8,8,6,20,,,,,,,,,,,,,,1
1337,12,4,18,18,4,4,9,8,,,,,,,,,,,,,,,,1
1338,12,4,13,8,0,20,,,,,,,,,,,,,,,,,,0
1339,12,4,17,20,,,,,,,,,,,,,,,,,,,,0
1340,12,4,13,-58,4,10,8,17,24,14,10,20,,,,,,,,,,,,1
1341,12,4,13,10,24,14,,,,,,,,,,,,,,,,,,1
1342,12,4,13,18,4,19,18,20,,,,,,,,,,,,,,,,1
1343,12,4,13,18,4,19,18,20,18,7,8,10,4,13,,,,,,,,,,1
1344,12,14,10,20,19,4,10,8,2,7,8,,,,,,,,,,,,,1
1345,12,14,10,20,7,24,14,20,,,,,,,,,,,,,,,,1
1346,12,14,9,8,,,,,,,,,,,,,,,,,,,,1
1347,12,14,9,8,3,14,14,17,8,,,,,,,,,,,,,,,0
1348,12,14,18,7,8,12,14,,,,,,,,,,,,,,,,,0
1349,12,14,18,7,8,12,14,13,14,10,14,19,14,,,,,,,,,,,1
1350,12,14,2,7,8,,,,,,,,,,,,,,,,,,,1
1351,12,14,19,19,0,8,13,0,8,,,,,,,,,,,,,,,0
1352,12,14,19,19,14,12,14,,,,,,,,,,,,,,,,,0
1353,12,14,3,4,17,20,,,,,,,,,,,,,,,,,,1
1354,12,14,19,14,12,4,17,20,,,,,,,,,,,,,,,,0
1355,12,14,19,14,12,14,19,14,,,,,,,,,,,,,,,,0
1356,12,14,13,14,,,,,,,,,,,,,,,,,,,,0
1357,12,14,13,14,6,0,19,0,17,8,,,,,,,,,,,,,,1
1358,12,14,13,14,25,20,10,20,17,8,,,,,,,,,,,,,,1
1359,12,14,12,14,8,17,14,,,,,,,,,,,,,,,,,1
1360,12,14,24,0,18,20,,,,,,,,,,,,,,,,,,0
1361,12,14,17,8,19,18,20,10,4,17,20,,,,,,,,,,,,,0
1362,12,14,17,20,,,,,,,,,,,,,,,,,,,,0
1363,12,14,13,10,20,,,,,,,,,,,,,,,,,,,1
1364,24,0,10,8,13,8,10,20,,,,,,,,,,,,,,,,1
1365,24,0,10,24,20,20,9,14,20,,,,,,,,,,,,,,,1
1366,24,0,10,20,,,,,,,,,,,,,,,,,,,,0
1367,24,0,10,20,18,7,0,,,,,,,,,,,,,,,,,1
1368,24,0,10,20,22,0,17,8,,,,,,,,,,,,,,,,1
1369,24,0,18,20,15,15,14,8,,,,,,,,,,,,,,,,0
1370,24,0,19,0,8,,,,,,,,,,,,,,,,,,,1
1371,24,0,15,15,0,17,8,,,,,,,,,,,,,,,,,0
1372,24,0,19,14,20,,,,,,,,,,,,,,,,,,,1
1373,24,0,7,0,17,8,,,,,,,,,,,,,,,,,,0
1374,24,0,1,20,17,20,,,,,,,,,,,,,,,,,,0
1375,24,0,12,0,8,,,,,,,,,,,,,,,,,,,1
1376,24,0,12,0,8,7,0,10,8,10,0,17,0,,,,,,,,,,,0
1377,24,0,12,0,10,0,9,8,,,,,,,,,,,,,,,,1
1378,24,0,12,0,6,14,24,0,,,,,,,,,,,,,,,,1
1379,24,0,24,0,,,,,,,,,,,,,,,,,,,,0
1380,24,0,17,20,10,8,,,,,,,,,,,,,,,,,,1
1381,24,20,20,10,8,,,,,,,,,,,,,,,,,,,1
1382,24,20,20,9,14,20,,,,,,,,,,,,,,,,,,1
1383,24,20,20,9,8,13,,,,,,,,,,,,,,,,,,1
1384,24,20,10,8,6,20,13,8,,,,,,,,,,,,,,,,1
1385,24,20,25,20,17,20,,,,,,,,,,,,,,,,,,0
1386,24,20,19,0,10,0,,,,,,,,,,,,,,,,,,0
1387,24,20,3,0,13,,,,,,,,,,,,,,,,,,,1
1388,24,20,3,4,17,20,,,,,,,,,,,,,,,,,,0
1389,24,20,19,14,17,8,,,,,,,,,,,,,,,,,,1
1390,24,20,1,8,,,,,,,,,,,,,,,,,,,,1
1391,24,20,1,8,18,0,10,8,,,,,,,,,,,,,,,,1
1392,24,20,17,20,18,20,,,,,,,,,,,,,,,,,,0
1393,24,20,17,4,17,20,,,,,,,,,,,,,,,,,,0
1394,24,14,0,10,4,,,,,,,,,,,,,,,,,,,1
1395,24,14,20,10,8,,,,,,,,,,,,,,,,,,,0
1396,24,14,20,6,14,,,,,,,,,,,,,,,,,,,1
1397,24,14,20,18,7,8,,,,,,,,,,,,,,,,,,1
1398,24,14,20,18,14,,,,,,,,,,,,,,,,,,,1
1399,24,14,20,2,7,8,4,13,,,,,,,,,,,,,,,,1
1400,24,14,20,17,4,8,,,,,,,,,,,,,,,,,,1
1401,24,14,10,0,13,,,,,,,,,,,,,,,,,,,1
1402,24,14,10,20,,,,,,,,,,,,,,,,,,,,0
1403,24,14,6,4,13,,,,,,,,,,,,,,,,,,,1
1404,24,14,10,14,10,20,,,,,,,,,,,,,,,,,,1
1405,24,14,10,14,13,8,13,0,17,20,,,,,,,,,,,,,,0
1406,24,14,18,7,8,,,,,,,,,,,,,,,,,,,0
1407,24,14,18,4,13,,,,,,,,,,,,,,,,,,,1
1408,24,14,18,14,20,,,,,,,,,,,,,,,,,,,1
1409,24,14,18,14,10,20,,,,,,,,,,,,,,,,,,1
1410,24,14,2,7,8,,,,,,,,,,,,,,,,,,,1
1411,24,14,19,19,14,,,,,,,,,,,,,,,,,,,1
1412,24,14,15,15,0,17,0,20,,,,,,,,,,,,,,,,0
1413,24,14,19,14,20,,,,,,,,,,,,,,,,,,,1
1414,24,14,13,0,10,0,,,,,,,,,,,,,,,,,,1
1415,24,14,13,14,13,0,10,0,,,,,,,,,,,,,,,,1
1416,24,14,1,8,,,,,,,,,,,,,,,,,,,,1
1417,24,14,1,8,10,14,20,,,,,,,,,,,,,,,,,1
1418,24,14,1,20,,,,,,,,,,,,,,,,,,,,0
1419,24,14,1,14,20,,,,,,,,,,,,,,,,,,,1
1420,24,14,17,8,,,,,,,,,,,,,,,,,,,,0
1421,24,14,17,14,10,14,1,20,,,,,,,,,,,,,,,,0
1422,24,14,22,0,12,0,17,20,-65,,,,,,,,,,,,,,,0
1423,24,14,22,0,12,8,,,,,,,,,,,,,,,,,,1
1424,24,14,22,0,12,4,17,20,,,,,,,,,,,,,,,,0
1425,17,0,,,,,,,,,,,,,,,,,,,,,,0
1426,17,0,0,12,4,13,,,,,,,,,,,,,,,,,,1
1427,17,0,8,14,13,,,,,,,,,,,,,,,,,,,1
1428,17,0,8,1,0,17,20,,,,,,,,,,,,,,,,,1
1429,17,0,10,20,6,14,,,,,,,,,,,,,,,,,,1
1430,17,0,10,20,18,4,10,8,,,,,,,,,,,,,,,,1
1431,17,0,6,20,1,8,8,,,,,,,,,,,,,,,,,1
1432,17,0,10,10,0,13,19,4,10,8,,,,,,,,,,,,,,0
1433,17,0,1,4,17,20,,,,,,,,,,,,,,,,,,1
1434,17,0,13,10,20,,,,,,,,,,,,,,,,,,,1
1435,17,8,8,3,0,0,,,,,,,,,,,,,,,,,,1
1436,17,8,10,0,,,,,,,,,,,,,,,,,,,,1
1437,17,8,10,0,8,,,,,,,,,,,,,,,,,,,1
1438,17,8,10,4,8,,,,,,,,,,,,,,,,,,,1
1439,17,8,19,18,20,,,,,,,,,,,,,,,,,,,0
1440,17,8,19,19,0,8,19,4,10,8,,,,,,,,,,,,,,0
1441,17,8,15,15,0,,,,,,,,,,,,,,,,,,,0
1442,17,24,20,20,10,14,20,,,,,,,,,,,,,,,,,1
1443,17,24,20,10,10,20,18,0,10,10,20,,,,,,,,,,,,,1
1444,17,24,14,20,,,,,,,,,,,,,,,,,,,,0
1445,17,24,14,20,6,0,22,0,,,,,,,,,,,,,,,,1
1446,17,24,14,20,10,8,13,,,,,,,,,,,,,,,,,1
1447,17,8,13,6,24,14,20,,,,,,,,,,,,,,,,,1
1448,17,4,8,,,,,,,,,,,,,,,,,,,,,1
1449,17,4,8,19,4,13,29,,,,,,,,,,,,,,,,,0
1450,17,4,8,19,14,20,,,,,,,,,,,,,,,,,,1
1451,17,4,18,7,8,8,19,14,,,,,,,,,,,,,,,,1
1452,17,4,19,18,20,,,,,,,,,,,,,,,,,,,1
1453,17,4,3,3,14,,,,,,,,,,,,,,,,,,,1
1454,17,4,19,19,14,20,,,,,,,,,,,,,,,,,,1
1455,17,4,1,4,17,20,,,,,,,,,,,,,,,,,,1
1456,17,4,15,14,14,19,14,,,,,,,,,,,,,,,,,1
1457,17,4,13,-58,0,8,,,,,,,,,,,,,,,,,,0
1458,17,4,13,18,14,20,,,,,,,,,,,,,,,,,,0
1459,17,4,13,19,0,17,20,17,24,14,20,,,,,,,,,,,,,1
1460,17,14,20,6,14,,,,,,,,,,,,,,,,,,,1
1461,17,14,20,18,14,10,20,,,,,,,,,,,,,,,,,1
1462,17,14,20,1,0,,,,,,,,,,,,,,,,,,,1
1463,17,14,14,15,20,,,,,,,,,,,,,,,,,,,1
1464,17,14,1,14,19,19,14,,,,,,,,,,,,,,,,,1
1465,22,0,,,,,,,,,,,,,,,,,,,,,,0
1466,22,0,6,0,18,7,0,,,,,,,,,,,,,,,,,1
1467,22,0,6,0,12,0,12,0,,,,,,,,,,,,,,,,0
1468,22,0,10,0,12,14,13,14,,,,,,,,,,,,,,,,1
1469,22,0,10,0,17,4,17,20,,,,,,,,,,,,,,,,0
1470,22,0,10,20,22,0,10,20,,,,,,,,,,,,,,,,0
1471,22,0,6,14,,,,,,,,,,,,,,,,,,,,1
1472,22,0,25,0,22,0,25,0,,,,,,,,,,,,,,,,0
1473,22,0,18,20,17,4,15,15,14,8,,,,,,,,,,,,,,0
1474,22,0,3,0,8,,,,,,,,,,,,,,,,,,,1
1475,22,0,17,0,8,,,,,,,,,,,,,,,,,,,1
1476,22,0,17,0,20,10,0,3,14,13,8,7,0,5,20,10,20,10,8,19,0,17,20,0
1477,22,0,17,8,,,,,,,,,,,,,,,,,,,,0
1478,22,0,17,8,0,8,,,,,,,,,,,,,,,,,,1
1479,22,0,17,8,10,14,12,20,,,,,,,,,,,,,,,,0
1480,22,0,17,20,,,,,,,,,,,,,,,,,,,,0
1481,22,0,17,20,,,,,,,,,,,,,,,,,,,,0
